Class,IoU,Confidence,TP,FP,FN,TN,precision,recall,mAP50,mAP50-95,fitness,cl_p,cl_r,cl_ap50,cl_ap,Save Path
crack,0.5,0.01,15,241,43,842,0.420348641852507,0.3416162201767173,0.3086458946504758,0.1091185271428708,0.1290712638936313,0.2711796298774086,0.1034482758620689,0.0831063162487862,0.0214895244820691,runs/detect/val
patch,0.5,0.01,167,523,56,395,0.420348641852507,0.3416162201767173,0.3086458946504758,0.1091185271428708,0.1290712638936313,0.5129490263522711,0.5201793721973094,0.4881535222162868,0.1880335869849924,runs/detect/val
pothole,0.5,0.01,12,78,13,1038,0.420348641852507,0.3416162201767173,0.3086458946504758,0.1091185271428708,0.1290712638936313,0.4769172693278414,0.4012210124707736,0.3546778454863543,0.1178324699615509,runs/detect/val
crack,0.5,0.02,13,122,45,581,0.420348641852507,0.3416162201767173,0.316171957047679,0.1141911703673954,0.1343892490354238,0.2711796298774086,0.1034482758620689,0.0922650413696953,0.0222475675389711,runs/detect/val2
patch,0.5,0.02,156,303,67,235,0.420348641852507,0.3416162201767173,0.316171957047679,0.1141911703673954,0.1343892490354238,0.5129490263522711,0.5201793721973094,0.4954391414616534,0.1948691614564332,runs/detect/val2
pothole,0.5,0.02,11,37,14,699,0.420348641852507,0.3416162201767173,0.316171957047679,0.1141911703673954,0.1343892490354238,0.4769172693278414,0.4012210124707736,0.3608116883116883,0.1254567821067821,runs/detect/val2
crack,0.5,0.03,10,63,48,476,0.420348641852507,0.3416162201767173,0.3244903382044183,0.1187648581345002,0.1393374061414921,0.2711796298774086,0.1034482758620689,0.0943679803601175,0.023559454464427,runs/detect/val3
patch,0.5,0.03,151,205,72,169,0.420348641852507,0.3416162201767173,0.3244903382044183,0.1187648581345002,0.1393374061414921,0.5129490263522711,0.5201793721973094,0.5030913459414491,0.2003643984383523,runs/detect/val3
pothole,0.5,0.03,11,25,14,547,0.420348641852507,0.3416162201767173,0.3244903382044183,0.1187648581345002,0.1393374061414921,0.4769172693278414,0.4012210124707736,0.3760116883116883,0.1323707215007215,runs/detect/val3
crack,0.5,0.04,10,46,48,429,0.420348641852507,0.3416162201767173,0.3310951295422349,0.1222032400117343,0.1430924289647844,0.2711796298774086,0.1034482758620689,0.0982270837186677,0.02484987857522,runs/detect/val4
patch,0.5,0.04,148,164,75,146,0.420348641852507,0.3416162201767173,0.3310951295422349,0.1222032400117343,0.1430924289647844,0.5129490263522711,0.5201793721973094,0.5071037594534916,0.2039567390068806,runs/detect/val4
pothole,0.5,0.04,11,19,14,489,0.420348641852507,0.3416162201767173,0.3310951295422349,0.1222032400117343,0.1430924289647844,0.4769172693278414,0.4012210124707736,0.3879545454545454,0.1378031024531024,runs/detect/val4
crack,0.5,0.05,9,36,49,392,0.420348641852507,0.3416162201767173,0.3357093918868507,0.1249734882172222,0.146047078584185,0.2711796298774086,0.1034482758620689,0.1037585829835355,0.0282482282311146,runs/detect/val5
patch,0.5,0.05,147,131,76,132,0.420348641852507,0.3416162201767173,0.3357093918868507,0.1249734882172222,0.146047078584185,0.5129490263522711,0.5201793721973094,0.5116829043653282,0.2071715149198305,runs/detect/val5
pothole,0.5,0.05,11,15,14,446,0.420348641852507,0.3416162201767173,0.3357093918868507,0.1249734882172222,0.146047078584185,0.4769172693278414,0.4012210124707736,0.3916866883116883,0.1395007215007215,runs/detect/val5
crack,0.5,0.06,9,23,49,367,0.420348641852507,0.3416162201767173,0.3463201157698909,0.1303377483983476,0.151935985135502,0.2711796298774086,0.1034482758620689,0.121634911485951,0.0343995315359154,runs/detect/val6
patch,0.5,0.06,140,110,83,115,0.420348641852507,0.3416162201767173,0.3463201157698909,0.1303377483983476,0.151935985135502,0.5129490263522711,0.5201793721973094,0.5118078651590922,0.2108218156878178,runs/detect/val6
pothole,0.5,0.06,11,10,14,413,0.420348641852507,0.3416162201767173,0.3463201157698909,0.1303377483983476,0.151935985135502,0.4769172693278414,0.4012210124707736,0.4055175706646295,0.1457918979713097,runs/detect/val6
crack,0.5,0.07,9,18,49,351,0.3480298257478175,0.3739844728195309,0.3588061262108439,0.1358490559684867,0.1581447629927224,0.2111494992898567,0.1206896551724138,0.1424555764475878,0.041563990679154,runs/detect/val7
patch,0.5,0.07,138,95,85,109,0.3480298257478175,0.3739844728195309,0.3588061262108439,0.1358490559684867,0.1581447629927224,0.4435807535324714,0.561263763286179,0.5161511138732556,0.2145991223922514,runs/detect/val7
pothole,0.5,0.07,11,9,14,393,0.3480298257478175,0.3739844728195309,0.3588061262108439,0.1358490559684867,0.1581447629927224,0.3893592244211244,0.44,0.4178116883116882,0.1513840548340548,runs/detect/val7
crack,0.5,0.08,9,16,49,341,0.3500693456523845,0.3752373588990258,0.3631062663718785,0.137541678246158,0.1600981370587301,0.2121212121212121,0.1206896551724138,0.1477324391926859,0.0433797764675229,runs/detect/val8
patch,0.5,0.08,134,86,89,106,0.3500693456523845,0.3752373588990258,0.3631062663718785,0.137541678246158,0.1600981370587301,0.4452296819787986,0.5650224215246636,0.5163103858969754,0.2144659653416582,runs/detect/val8
pothole,0.5,0.08,11,8,14,382,0.3500693456523845,0.3752373588990258,0.3631062663718785,0.137541678246158,0.1600981370587301,0.3928571428571428,0.44,0.425275974025974,0.1547792929292929,runs/detect/val8
crack,0.5,0.09,9,15,49,331,0.3769859573595736,0.3707530539662904,0.3698862574063925,0.1408437921894386,0.163748038711134,0.21875,0.1206896551724138,0.1506182235064113,0.0443727843205372,runs/detect/val9
patch,0.5,0.09,131,79,92,102,0.3769859573595736,0.3707530539662904,0.3698862574063925,0.1408437921894386,0.163748038711134,0.4538745387453874,0.5515695067264574,0.5151038604010777,0.2148912040803905,runs/detect/val9
pothole,0.5,0.09,11,5,14,374,0.3769859573595736,0.3707530539662904,0.3698862574063925,0.1408437921894386,0.163748038711134,0.4583333333333333,0.44,0.4439366883116884,0.1632673881673882,runs/detect/val9
crack,0.5,0.1,7,14,51,316,0.3948764484154684,0.3575320859749497,0.3714851917630122,0.1428028365694419,0.1656710720887989,0.2068965517241379,0.1034482758620689,0.143294289044289,0.0425687376196847,runs/detect/val10
patch,0.5,0.1,127,64,96,101,0.3948764484154684,0.3575320859749497,0.3714851917630122,0.1428028365694419,0.1656710720887989,0.4777327935222672,0.5291479820627802,0.5153495979330595,0.2171708687697377,runs/detect/val10
pothole,0.5,0.1,11,5,14,358,0.3948764484154684,0.3575320859749497,0.3714851917630122,0.1428028365694419,0.1656710720887989,0.5,0.44,0.4558116883116883,0.1686689033189033,runs/detect/val10
crack,0.5,0.11,7,10,51,312,0.4018806509945751,0.3412092160197928,0.3708656868347728,0.1425006303467295,0.1653371359955338,0.24,0.1034482758620689,0.1580819813519813,0.0477089780630767,runs/detect/val11
patch,0.5,0.11,125,59,98,98,0.4018806509945751,0.3412092160197928,0.3708656868347728,0.1425006303467295,0.1653371359955338,0.4894514767932489,0.5201793721973094,0.5159652956025533,0.2179266070608058,runs/detect/val11
pothole,0.5,0.11,10,5,15,350,0.4018806509945751,0.3412092160197928,0.3708656868347728,0.1425006303467295,0.1653371359955338,0.4761904761904761,0.4,0.4385497835497836,0.1618663059163059,runs/detect/val11
crack,0.5,0.12,6,7,52,299,0.4130799220272904,0.3221287562496778,0.3697668040920182,0.1420518178956122,0.1648233165152528,0.25,0.0862068965517241,0.1599393081761007,0.0495053177128785,runs/detect/val12
patch,0.5,0.12,124,48,99,93,0.4130799220272904,0.3221287562496778,0.3697668040920182,0.1420518178956122,0.1648233165152528,0.5155555555555555,0.5201793721973094,0.5221020473672128,0.2216091433408603,runs/detect/val12
pothole,0.5,0.12,9,3,16,336,0.4130799220272904,0.3221287562496778,0.3697668040920182,0.1420518178956122,0.1648233165152528,0.4736842105263157,0.36,0.427259056732741,0.1550409926330979,runs/detect/val12
crack,0.5,0.13,6,4,52,295,0.4376030786146234,0.3146549146951188,0.3776423313470083,0.1458162688976302,0.168998875142568,0.2941176470588235,0.0862068965517241,0.1801491860895301,0.0566073590739747,runs/detect/val13
patch,0.5,0.13,119,44,104,90,0.4376030786146234,0.3146549146951188,0.3776423313470083,0.1458162688976302,0.168998875142568,0.5186915887850467,0.4977578475336323,0.5169661196398063,0.2221235544010228,runs/detect/val13
pothole,0.5,0.13,9,3,16,329,0.4376030786146234,0.3146549146951188,0.3776423313470083,0.1458162688976302,0.168998875142568,0.5,0.36,0.4358116883116883,0.1587178932178932,runs/detect/val13
crack,0.5,0.14,6,4,52,290,0.4633169934640522,0.3013215813617855,0.3831008255072142,0.1462233147699064,0.1699110658436372,0.3125,0.0862068965517241,0.1885699685534591,0.0595665429744315,runs/detect/val14
patch,0.5,0.14,119,39,104,90,0.4633169934640522,0.3013215813617855,0.3831008255072142,0.1462233147699064,0.1699110658436372,0.5441176470588235,0.4977578475336323,0.5234208196564951,0.2258577303396167,runs/detect/val14
pothole,0.5,0.14,8,3,17,324,0.4633169934640522,0.3013215813617855,0.3831008255072142,0.1462233147699064,0.1699110658436372,0.5333333333333333,0.32,0.4373116883116883,0.153245670995671,runs/detect/val14
crack,0.5,0.15,5,3,53,282,0.4698155645524067,0.2910901499922684,0.38221952711837,0.1469047114744503,0.1704361930388423,0.3076923076923077,0.0689655172413793,0.1836213675213675,0.0596527655531602,runs/detect/val15
patch,0.5,0.15,115,31,108,89,0.4698155645524067,0.2910901499922684,0.38221952711837,0.1469047114744503,0.1704361930388423,0.5684210526315789,0.484304932735426,0.5257255255220542,0.2278156978745199,runs/detect/val15
pothole,0.5,0.15,8,3,17,315,0.4698155645524067,0.2910901499922684,0.38221952711837,0.1469047114744503,0.1704361930388423,0.5333333333333333,0.32,0.4373116883116883,0.153245670995671,runs/detect/val15
crack,0.5,0.16,3,3,55,278,0.4723762723762723,0.2823534869336632,0.3796916247134832,0.1475610111502811,0.1707740725066013,0.2727272727272727,0.0517241379310344,0.1642482093663911,0.0552418236707471,runs/detect/val16
patch,0.5,0.16,113,28,110,88,0.4723762723762723,0.2823534869336632,0.3796916247134832,0.1475610111502811,0.1707740725066013,0.572972972972973,0.4753363228699551,0.5243721193195131,0.2290407768796633,runs/detect/val16
pothole,0.5,0.16,8,2,17,312,0.4723762723762723,0.2823534869336632,0.3796916247134832,0.1475610111502811,0.1707740725066013,0.5714285714285714,0.32,0.4504545454545454,0.1584004329004329,runs/detect/val16
crack,0.5,0.17,3,3,55,277,0.4624252559035167,0.2690201536003299,0.3721437353860287,0.1457283183168643,0.1683698600237808,0.2727272727272727,0.0517241379310344,0.1642482093663911,0.0552418236707471,runs/detect/val17
patch,0.5,0.17,113,27,110,88,0.4624252559035167,0.2690201536003299,0.3721437353860287,0.1457283183168643,0.1683698600237808,0.5760869565217391,0.4753363228699551,0.5251899897986878,0.2295124785991932,runs/detect/val17
pothole,0.5,0.17,7,2,18,311,0.4624252559035167,0.2690201536003299,0.3721437353860287,0.1457283183168643,0.1683698600237808,0.5384615384615384,0.28,0.426993006993007,0.1524306526806527,runs/detect/val17
crack,0.5,0.18,3,3,55,275,0.4853548449054067,0.2660306169785063,0.3815266554761792,0.1491944028988642,0.1724276281565957,0.3333333333333333,0.0517241379310344,0.1927848484848484,0.0660270437457279,runs/detect/val18
patch,0.5,0.18,111,25,112,88,0.4853548449054067,0.2660306169785063,0.3815266554761792,0.1491944028988642,0.1724276281565957,0.5842696629213483,0.4663677130044843,0.5248021109506822,0.2291255122702122,runs/detect/val18
pothole,0.5,0.18,7,2,18,309,0.4853548449054067,0.2660306169785063,0.3815266554761792,0.1491944028988642,0.1724276281565957,0.5384615384615384,0.28,0.426993006993007,0.1524306526806527,runs/detect/val18
crack,0.5,0.19,2,3,56,272,0.5206161360007514,0.2454553888974795,0.3859922767425319,0.1413544603869354,0.165818242022495,0.2857142857142857,0.0344827586206896,0.166112925170068,0.0251628714643752,runs/detect/val19
patch,0.5,0.19,110,23,113,87,0.5206161360007514,0.2454553888974795,0.3859922767425319,0.1413544603869354,0.165818242022495,0.6094674556213018,0.4618834080717489,0.5301972383908611,0.2327060652519864,runs/detect/val19
pothole,0.5,0.19,6,1,19,307,0.5206161360007514,0.2454553888974795,0.3859922767425319,0.1413544603869354,0.165818242022495,0.6666666666666666,0.24,0.4616666666666665,0.1661944444444444,runs/detect/val19
crack,0.5,0.2,2,2,56,269,0.54320987654321,0.2439606205865677,0.3949550340474193,0.1436548335264425,0.1687848535785401,0.3333333333333333,0.0344827586206896,0.1890761904761904,0.0286344611528822,runs/detect/val20
patch,0.5,0.2,109,20,114,86,0.54320987654321,0.2439606205865677,0.3949550340474193,0.1436548335264425,0.1687848535785401,0.6296296296296297,0.4573991031390134,0.5341222449994012,0.2361355949820008,runs/detect/val20
pothole,0.5,0.2,6,1,19,303,0.54320987654321,0.2439606205865677,0.3949550340474193,0.1436548335264425,0.1687848535785401,0.6666666666666666,0.24,0.4616666666666665,0.1661944444444444,runs/detect/val20
crack,0.5,0.21,2,1,56,268,0.58374279648165,0.2276377506314107,0.4062528668570521,0.1499288571091655,0.1755612580839542,0.4,0.0344827586206896,0.2212247619047619,0.0334946867167919,runs/detect/val21
patch,0.5,0.21,107,19,116,85,0.58374279648165,0.2276377506314107,0.4062528668570521,0.1499288571091655,0.1755612580839542,0.6369426751592356,0.4484304932735426,0.5332481243806801,0.2354466465154665,runs/detect/val21
pothole,0.5,0.21,5,1,20,301,0.58374279648165,0.2276377506314107,0.4062528668570521,0.1499288571091655,0.1755612580839542,0.7142857142857143,0.2,0.4642857142857143,0.1808452380952381,runs/detect/val21
crack,0.5,0.22,1,0,57,265,0.6190476190476191,0.2203958558837173,0.4198476527140609,0.1567573211241889,0.1830663542831761,0.5,0.0172413793103448,0.2618052631578947,0.0523610526315789,runs/detect/val22
patch,0.5,0.22,106,16,117,84,0.6190476190476191,0.2203958558837173,0.4198476527140609,0.1567573211241889,0.1830663542831761,0.6428571428571429,0.4439461883408072,0.5334519806985735,0.2370656726457498,runs/detect/val22
pothole,0.5,0.22,5,1,20,297,0.6190476190476191,0.2203958558837173,0.4198476527140609,0.1567573211241889,0.1830663542831761,0.7142857142857143,0.2,0.4642857142857143,0.1808452380952381,runs/detect/val22
crack,0.5,0.23,1,0,57,265,0.7877641122674235,0.2189010875728055,0.5022228821653861,0.1734462625206467,0.2063239244851206,1.0,0.0172413793103448,0.5086105263157894,0.1017221052631578,runs/detect/val23
patch,0.5,0.23,104,16,119,84,0.7877641122674235,0.2189010875728055,0.5022228821653861,0.1734462625206467,0.2063239244851206,0.6490066225165563,0.4394618834080717,0.5337724058946547,0.2377714442035442,runs/detect/val23
pothole,0.5,0.23,5,1,20,297,0.7877641122674235,0.2189010875728055,0.5022228821653861,0.1734462625206467,0.2063239244851206,0.7142857142857143,0.2,0.4642857142857143,0.1808452380952381,runs/detect/val23
crack,0.5,0.24,0,0,58,264,0.4580026455026455,0.2086696562032885,0.3322346411177696,0.1389224999180852,0.1582537140380536,0.0,0.0,0.0,0.0,runs/detect/val24
patch,0.5,0.24,100,15,123,84,0.4580026455026455,0.2086696562032885,0.3322346411177696,0.1389224999180852,0.1582537140380536,0.6597222222222222,0.4260089686098655,0.5324182090675945,0.2359222616590176,runs/detect/val24
pothole,0.5,0.24,5,1,20,296,0.4580026455026455,0.2086696562032885,0.3322346411177696,0.1389224999180852,0.1582537140380536,0.7142857142857143,0.2,0.4642857142857143,0.1808452380952381,runs/detect/val24
crack,0.5,0.25,0,0,58,263,0.461116820829051,0.2056801195814649,0.3321400426156819,0.1395876346054839,0.1588428754065037,0.0,0.0,0.0,0.0,runs/detect/val25
patch,0.5,0.25,97,14,126,84,0.461116820829051,0.2056801195814649,0.3321400426156819,0.1395876346054839,0.1588428754065037,0.6690647482014388,0.4170403587443946,0.5321344135613313,0.2379176657212138,runs/detect/val25
pothole,0.5,0.25,5,1,20,295,0.461116820829051,0.2056801195814649,0.3321400426156819,0.1395876346054839,0.1588428754065037,0.7142857142857143,0.2,0.4642857142857143,0.1808452380952381,runs/detect/val25
crack,0.5,0.26,0,0,58,260,0.4653679653679654,0.2011958146487294,0.3318929860707837,0.1405114492663038,0.1596496029467518,0.0,0.0,0.0,0.0,runs/detect/val26
patch,0.5,0.26,93,11,130,84,0.4653679653679654,0.2011958146487294,0.3318929860707837,0.1405114492663038,0.1596496029467518,0.6818181818181818,0.4035874439461883,0.5313932439266367,0.2406891097036734,runs/detect/val26
pothole,0.5,0.26,5,1,20,292,0.4653679653679654,0.2011958146487294,0.3318929860707837,0.1405114492663038,0.1596496029467518,0.7142857142857143,0.2,0.4642857142857143,0.1808452380952381,runs/detect/val26
crack,0.5,0.27,0,0,58,259,0.4672619047619048,0.1982062780269058,0.3314460603600421,0.1407819493696712,0.1598483604687083,0.0,0.0,0.0,0.0,runs/detect/val27
patch,0.5,0.27,90,10,133,84,0.4672619047619048,0.1982062780269058,0.3314460603600421,0.1407819493696712,0.1598483604687083,0.6875,0.3946188340807174,0.5300524667944121,0.2415006100137755,runs/detect/val27
pothole,0.5,0.27,5,1,20,291,0.4672619047619048,0.1982062780269058,0.3314460603600421,0.1407819493696712,0.1598483604687083,0.7142857142857143,0.2,0.4642857142857143,0.1808452380952381,runs/detect/val27
crack,0.5,0.28,0,0,58,258,0.4692780337941628,0.1952167414050822,0.3310210577790083,0.1405585842892303,0.1596048316382081,0.0,0.0,0.0,0.0,runs/detect/val28
patch,0.5,0.28,88,10,135,83,0.4692780337941628,0.1952167414050822,0.3310210577790083,0.1405585842892303,0.1596048316382081,0.6935483870967742,0.3856502242152466,0.5287774590513107,0.2408305147724528,runs/detect/val28
pothole,0.5,0.28,5,0,20,291,0.4692780337941628,0.1952167414050822,0.3310210577790083,0.1405585842892303,0.1596048316382081,0.7142857142857143,0.2,0.4642857142857143,0.1808452380952381,runs/detect/val28
crack,0.5,0.29,0,0,58,258,0.469500196772924,0.1922272047832585,0.3300544849420468,0.140438194085169,0.1593998231708568,0.0,0.0,0.0,0.0,runs/detect/val29
patch,0.5,0.29,86,10,137,83,0.469500196772924,0.1922272047832585,0.3300544849420468,0.140438194085169,0.1593998231708568,0.6942148760330579,0.3766816143497757,0.5258777405404262,0.240469344160269,runs/detect/val29
pothole,0.5,0.29,5,0,20,291,0.469500196772924,0.1922272047832585,0.3300544849420468,0.140438194085169,0.1593998231708568,0.7142857142857143,0.2,0.4642857142857143,0.1808452380952381,runs/detect/val29
crack,0.5,0.3,0,0,58,257,0.4720133667502089,0.1862481315396113,0.3287352533651067,0.1407259991331153,0.1595269245563145,0.0,0.0,0.0,0.0,runs/detect/val30
patch,0.5,0.3,82,9,141,83,0.4720133667502089,0.1862481315396113,0.3287352533651067,0.1407259991331153,0.1595269245563145,0.7017543859649122,0.358744394618834,0.5219200458096059,0.241332759304108,runs/detect/val30
pothole,0.5,0.3,5,0,20,290,0.4720133667502089,0.1862481315396113,0.3287352533651067,0.1407259991331153,0.1595269245563145,0.7142857142857143,0.2,0.4642857142857143,0.1808452380952381,runs/detect/val30
crack,0.5,0.31,0,0,58,257,0.4705111402359108,0.1802690582959641,0.3261371883054203,0.1409657987890787,0.1594829377407129,0.0,0.0,0.0,0.0,runs/detect/val31
patch,0.5,0.31,78,9,145,83,0.4705111402359108,0.1802690582959641,0.3261371883054203,0.1409657987890787,0.1594829377407129,0.6972477064220184,0.3408071748878923,0.5141258506305466,0.2420521582719982,runs/detect/val31
pothole,0.5,0.31,5,0,20,290,0.4705111402359108,0.1802690582959641,0.3261371883054203,0.1409657987890787,0.1594829377407129,0.7142857142857143,0.2,0.4642857142857143,0.1808452380952381,runs/detect/val31
crack,0.5,0.32,0,0,58,257,0.4705111402359108,0.1802690582959641,0.3261371883054203,0.1409657987890787,0.1594829377407129,0.0,0.0,0.0,0.0,runs/detect/val32
patch,0.5,0.32,78,9,145,83,0.4705111402359108,0.1802690582959641,0.3261371883054203,0.1409657987890787,0.1594829377407129,0.6972477064220184,0.3408071748878923,0.5141258506305466,0.2420521582719982,runs/detect/val32
pothole,0.5,0.32,5,0,20,290,0.4705111402359108,0.1802690582959641,0.3261371883054203,0.1409657987890787,0.1594829377407129,0.7142857142857143,0.2,0.4642857142857143,0.1808452380952381,runs/detect/val32
crack,0.5,0.33,0,0,58,256,0.472663139329806,0.1802690582959641,0.3268374444187389,0.1413592412567945,0.159907061572989,0.0,0.0,0.0,0.0,runs/detect/val33
patch,0.5,0.33,78,8,145,83,0.472663139329806,0.1802690582959641,0.3268374444187389,0.1413592412567945,0.159907061572989,0.7037037037037037,0.3408071748878923,0.5162266189705023,0.2432324856751456,runs/detect/val33
pothole,0.5,0.33,5,0,20,289,0.472663139329806,0.1802690582959641,0.3268374444187389,0.1413592412567945,0.159907061572989,0.7142857142857143,0.2,0.4642857142857143,0.1808452380952381,runs/detect/val33
crack,0.5,0.34,0,0,58,254,0.5237324703344121,0.1802690582959641,0.3466141116480182,0.1501870802349148,0.1698297833762251,0.0,0.0,0.0,0.0,runs/detect/val34
patch,0.5,0.34,78,6,145,83,0.5237324703344121,0.1802690582959641,0.3466141116480182,0.1501870802349148,0.1698297833762251,0.7378640776699029,0.3408071748878923,0.5273423349440547,0.2494779073714112,runs/detect/val34
pothole,0.5,0.34,5,0,20,287,0.5237324703344121,0.1802690582959641,0.3466141116480182,0.1501870802349148,0.1698297833762251,0.8333333333333334,0.2,0.5125,0.2010833333333333,runs/detect/val34
crack,0.5,0.35,0,0,58,252,0.5269005847953216,0.172795216741405,0.3448881277919256,0.1493354494776807,0.1688907173091052,0.0,0.0,0.0,0.0,runs/detect/val35
patch,0.5,0.35,73,4,150,83,0.5269005847953216,0.172795216741405,0.3448881277919256,0.1493354494776807,0.1688907173091052,0.7473684210526316,0.3183856502242152,0.522164383375777,0.2469230150997089,runs/detect/val35
pothole,0.5,0.35,5,0,20,285,0.5269005847953216,0.172795216741405,0.3448881277919256,0.1493354494776807,0.1688907173091052,0.8333333333333334,0.2,0.5125,0.2010833333333333,runs/detect/val35
crack,0.5,0.36,0,0,58,252,0.5269005847953216,0.172795216741405,0.3448881277919256,0.1493354494776807,0.1688907173091052,0.0,0.0,0.0,0.0,runs/detect/val36
patch,0.5,0.36,73,4,150,83,0.5269005847953216,0.172795216741405,0.3448881277919256,0.1493354494776807,0.1688907173091052,0.7473684210526316,0.3183856502242152,0.522164383375777,0.2469230150997089,runs/detect/val36
pothole,0.5,0.36,5,0,20,285,0.5269005847953216,0.172795216741405,0.3448881277919256,0.1493354494776807,0.1688907173091052,0.8333333333333334,0.2,0.5125,0.2010833333333333,runs/detect/val36
crack,0.5,0.37,0,0,58,252,0.5268620268620269,0.1683109118086696,0.3431966258736849,0.1495686806325896,0.1689314751566991,0.0,0.0,0.0,0.0,runs/detect/val37
patch,0.5,0.37,70,4,153,83,0.5268620268620269,0.1683109118086696,0.3431966258736849,0.1495686806325896,0.1689314751566991,0.7472527472527473,0.3049327354260089,0.5170898776210546,0.2476227085644355,runs/detect/val37
pothole,0.5,0.37,5,0,20,285,0.5268620268620269,0.1683109118086696,0.3431966258736849,0.1495686806325896,0.1689314751566991,0.8333333333333334,0.2,0.5125,0.2010833333333333,runs/detect/val37
crack,0.5,0.38,0,0,58,252,0.5277777777777778,0.165321375186846,0.3424031048255254,0.1493083027932391,0.1686177829964677,0.0,0.0,0.0,0.0,runs/detect/val38
patch,0.5,0.38,68,4,155,83,0.5277777777777778,0.165321375186846,0.3424031048255254,0.1493083027932391,0.1686177829964677,0.75,0.2959641255605381,0.5147093144765764,0.2468415750463841,runs/detect/val38
pothole,0.5,0.38,5,0,20,285,0.5277777777777778,0.165321375186846,0.3424031048255254,0.1493083027932391,0.1686177829964677,0.8333333333333334,0.2,0.5125,0.2010833333333333,runs/detect/val38
crack,0.5,0.39,0,0,58,252,0.5238095238095238,0.1593423019431988,0.3387180296018607,0.1465876536179699,0.165800691216359,0.0,0.0,0.0,0.0,runs/detect/val39
patch,0.5,0.39,64,4,159,83,0.5238095238095238,0.1593423019431988,0.3387180296018607,0.1465876536179699,0.165800691216359,0.7380952380952381,0.2780269058295964,0.5036540888055824,0.2386796275205765,runs/detect/val39
pothole,0.5,0.39,5,0,20,285,0.5238095238095238,0.1593423019431988,0.3387180296018607,0.1465876536179699,0.165800691216359,0.8333333333333334,0.2,0.5125,0.2010833333333333,runs/detect/val39
crack,0.5,0.4,0,0,58,252,0.5257452574525745,0.157847533632287,0.3388654761567759,0.1465408005351377,0.1657732680973015,0.0,0.0,0.0,0.0,runs/detect/val40
patch,0.5,0.4,63,4,160,83,0.5257452574525745,0.157847533632287,0.3388654761567759,0.1465408005351377,0.1657732680973015,0.7439024390243902,0.273542600896861,0.5040964284703278,0.2385390682720799,runs/detect/val40
pothole,0.5,0.4,5,0,20,285,0.5257452574525745,0.157847533632287,0.3388654761567759,0.1465408005351377,0.1657732680973015,0.8333333333333334,0.2,0.5125,0.2010833333333333,runs/detect/val40
crack,0.5,0.41,0,0,58,252,0.4967532467532467,0.1252017937219731,0.311468578654935,0.1271113363905189,0.1455470606169605,0.0,0.0,0.0,0.0,runs/detect/val41
patch,0.5,0.41,58,4,165,83,0.4967532467532467,0.1252017937219731,0.311468578654935,0.1271113363905189,0.1455470606169605,0.7402597402597403,0.2556053811659193,0.4956557359648051,0.2335840091715567,runs/detect/val41
pothole,0.5,0.41,3,0,22,285,0.4967532467532467,0.1252017937219731,0.311468578654935,0.1271113363905189,0.1455470606169605,0.75,0.12,0.43875,0.14775,runs/detect/val41
crack,0.5,0.42,0,0,58,252,0.4944444444444444,0.1222122571001494,0.3094890610172849,0.1264098168208174,0.1447177412404642,0.0,0.0,0.0,0.0,runs/detect/val42
patch,0.5,0.42,56,4,167,83,0.4944444444444444,0.1222122571001494,0.3094890610172849,0.1264098168208174,0.1447177412404642,0.7333333333333333,0.2466367713004484,0.4897171830518547,0.2314794504624522,runs/detect/val42
pothole,0.5,0.42,3,0,22,285,0.4944444444444444,0.1222122571001494,0.3094890610172849,0.1264098168208174,0.1447177412404642,0.75,0.12,0.43875,0.14775,runs/detect/val42
crack,0.5,0.43,0,0,58,252,0.4675925925925925,0.1058893871449925,0.2907993434215379,0.1224492991625267,0.1392843035884278,0.0,0.0,0.0,0.0,runs/detect/val43
patch,0.5,0.43,54,4,169,83,0.4675925925925925,0.1058893871449925,0.2907993434215379,0.1224492991625267,0.1392843035884278,0.7361111111111112,0.2376681614349775,0.4873980302646136,0.2313478974875802,runs/detect/val43
pothole,0.5,0.43,2,0,23,285,0.4675925925925925,0.1058893871449925,0.2907993434215379,0.1224492991625267,0.1392843035884278,0.6666666666666666,0.08,0.43875,0.14775,runs/detect/val43
crack,0.5,0.44,0,0,58,251,0.4722222222222221,0.1028998505231689,0.2914325114652412,0.1224192898580354,0.139320612018756,0.0,0.0,0.0,0.0,runs/detect/val44
patch,0.5,0.44,51,3,172,83,0.4722222222222221,0.1028998505231689,0.2914325114652412,0.1224192898580354,0.139320612018756,0.75,0.2286995515695067,0.4892975343957236,0.2312578695741061,runs/detect/val44
pothole,0.5,0.44,2,0,23,284,0.4722222222222221,0.1028998505231689,0.2914325114652412,0.1224192898580354,0.139320612018756,0.6666666666666666,0.08,0.43875,0.14775,runs/detect/val44
crack,0.5,0.45,0,0,58,251,0.4709784411276949,0.1014050822122571,0.2903884202823266,0.1221812847496647,0.1390019983029309,0.0,0.0,0.0,0.0,runs/detect/val45
patch,0.5,0.45,50,3,173,83,0.4709784411276949,0.1014050822122571,0.2903884202823266,0.1221812847496647,0.1390019983029309,0.746268656716418,0.2242152466367713,0.4861652608469797,0.2305438542489943,runs/detect/val45
pothole,0.5,0.45,2,0,23,284,0.4709784411276949,0.1014050822122571,0.2903884202823266,0.1221812847496647,0.1390019983029309,0.6666666666666666,0.08,0.43875,0.14775,runs/detect/val45
crack,0.5,0.46,0,0,58,251,0.4786324786324786,0.1014050822122571,0.2933512362602404,0.1237336243357495,0.1406953855281986,0.0,0.0,0.0,0.0,runs/detect/val46
patch,0.5,0.46,50,3,173,83,0.4786324786324786,0.1014050822122571,0.2933512362602404,0.1237336243357495,0.1406953855281986,0.7692307692307693,0.2242152466367713,0.4950537087807214,0.2352008730072485,runs/detect/val46
pothole,0.5,0.46,2,0,23,284,0.4786324786324786,0.1014050822122571,0.2933512362602404,0.1237336243357495,0.1406953855281986,0.6666666666666666,0.08,0.43875,0.14775,runs/detect/val46
crack,0.5,0.47,0,0,58,251,0.485663082437276,0.0999103139013452,0.2955560557589737,0.1246698638839572,0.1417584830714589,0.0,0.0,0.0,0.0,runs/detect/val47
patch,0.5,0.47,49,3,174,83,0.485663082437276,0.0999103139013452,0.2955560557589737,0.1246698638839572,0.1417584830714589,0.7903225806451613,0.2197309417040358,0.5016681672769211,0.2380095916518718,runs/detect/val47
pothole,0.5,0.47,2,0,23,284,0.485663082437276,0.0999103139013452,0.2955560557589737,0.1246698638839572,0.1417584830714589,0.6666666666666666,0.08,0.43875,0.14775,runs/detect/val47
crack,0.5,0.48,0,0,58,251,0.5932203389830509,0.0954260089686098,0.3440295574340291,0.143004782799322,0.1631072602627928,0.0,0.0,0.0,0.0,runs/detect/val48
patch,0.5,0.48,46,3,177,83,0.5932203389830509,0.0954260089686098,0.3440295574340291,0.143004782799322,0.1631072602627928,0.7796610169491526,0.2062780269058296,0.4920886723020874,0.2377643483979662,runs/detect/val48
pothole,0.5,0.48,2,0,23,284,0.5932203389830509,0.0954260089686098,0.3440295574340291,0.143004782799322,0.1631072602627928,1.0,0.08,0.54,0.19125,runs/detect/val48
crack,0.5,0.49,0,0,58,251,0.6037735849056604,0.0909417040358744,0.34648536487952,0.1457934051969092,0.1658626011651703,0.0,0.0,0.0,0.0,runs/detect/val49
patch,0.5,0.49,43,3,180,83,0.6037735849056604,0.0909417040358744,0.34648536487952,0.1457934051969092,0.1658626011651703,0.8113207547169812,0.1928251121076233,0.4994560946385599,0.2461302155907277,runs/detect/val49
pothole,0.5,0.49,2,0,23,284,0.6037735849056604,0.0909417040358744,0.34648536487952,0.1457934051969092,0.1658626011651703,1.0,0.08,0.54,0.19125,runs/detect/val49
crack,0.5,0.5,0,0,58,251,0.6078431372549019,0.0761136023916293,0.3408265180016352,0.1703452417816794,0.187393369403675,0.0,0.0,0.0,0.0,runs/detect/val50
patch,0.5,0.5,42,3,181,83,0.6078431372549019,0.0761136023916293,0.3408265180016352,0.1703452417816794,0.187393369403675,0.8235294117647058,0.1883408071748878,0.5024795540049058,0.2510357253450385,runs/detect/val50
pothole,0.5,0.5,1,0,24,284,0.6078431372549019,0.0761136023916293,0.3408265180016352,0.1703452417816794,0.187393369403675,1.0,0.04,0.5199999999999999,0.2599999999999999,runs/detect/val50
crack,0.5,0.51,0,0,58,251,0.2777777777777778,0.0597907324364723,0.1675747091238308,0.0829440344168156,0.0914071018875171,0.0,0.0,0.0,0.0,runs/detect/val51
patch,0.5,0.51,40,3,183,83,0.2777777777777778,0.0597907324364723,0.1675747091238308,0.0829440344168156,0.0914071018875171,0.8333333333333334,0.179372197309417,0.5027241273714925,0.2488321032504468,runs/detect/val51
pothole,0.5,0.51,0,0,25,284,0.2777777777777778,0.0597907324364723,0.1675747091238308,0.0829440344168156,0.0914071018875171,0.0,0.0,0.0,0.0,runs/detect/val51
crack,0.5,0.52,0,0,58,249,0.2803030303030303,0.0553064275037369,0.1667216023910704,0.0824669371245456,0.090892403651198,0.0,0.0,0.0,0.0,runs/detect/val52
patch,0.5,0.52,37,1,186,83,0.2803030303030303,0.0553064275037369,0.1667216023910704,0.0824669371245456,0.090892403651198,0.8409090909090909,0.1659192825112107,0.5001648071732114,0.2474008113736367,runs/detect/val52
pothole,0.5,0.52,0,0,25,282,0.2803030303030303,0.0553064275037369,0.1667216023910704,0.0824669371245456,0.090892403651198,0.0,0.0,0.0,0.0,runs/detect/val52
crack,0.5,0.53,0,0,58,249,0.2926829268292683,0.0538116591928251,0.1712415736475796,0.0849763880091147,0.0936029065729612,0.0,0.0,0.0,0.0,runs/detect/val53
patch,0.5,0.53,36,1,187,83,0.2926829268292683,0.0538116591928251,0.1712415736475796,0.0849763880091147,0.0936029065729612,0.8780487804878049,0.1614349775784753,0.513724720942739,0.2549291640273443,runs/detect/val53
pothole,0.5,0.53,0,0,25,282,0.2926829268292683,0.0538116591928251,0.1712415736475796,0.0849763880091147,0.0936029065729612,0.0,0.0,0.0,0.0,runs/detect/val53
crack,0.5,0.54,0,0,58,249,0.2905982905982906,0.0508221225710014,0.1690082429277831,0.0831773937842701,0.0917604786986214,0.0,0.0,0.0,0.0,runs/detect/val54
patch,0.5,0.54,34,1,189,83,0.2905982905982906,0.0508221225710014,0.1690082429277831,0.0831773937842701,0.0917604786986214,0.8717948717948718,0.1524663677130044,0.5070247287833494,0.2495321813528105,runs/detect/val54
pothole,0.5,0.54,0,0,25,282,0.2905982905982906,0.0508221225710014,0.1690082429277831,0.0831773937842701,0.0917604786986214,0.0,0.0,0.0,0.0,runs/detect/val54
crack,0.5,0.55,0,0,58,249,0.287037037037037,0.046337817638266,0.1655078604639892,0.081640606088043,0.0900273315256376,0.0,0.0,0.0,0.0,runs/detect/val55
patch,0.5,0.55,31,1,192,83,0.287037037037037,0.046337817638266,0.1655078604639892,0.081640606088043,0.0900273315256376,0.8611111111111112,0.1390134529147982,0.4965235813919676,0.2449218182641291,runs/detect/val55
pothole,0.5,0.55,0,0,25,282,0.287037037037037,0.046337817638266,0.1655078604639892,0.081640606088043,0.0900273315256376,0.0,0.0,0.0,0.0,runs/detect/val55
crack,0.5,0.56,0,0,58,248,0.2916666666666667,0.0418535127055306,0.1654835190097259,0.0844987129551191,0.0925971935605798,0.0,0.0,0.0,0.0,runs/detect/val56
patch,0.5,0.56,28,0,195,83,0.2916666666666667,0.0418535127055306,0.1654835190097259,0.0844987129551191,0.0925971935605798,0.8611111111111112,0.1255605381165919,0.4964505570291777,0.2534961388653575,runs/detect/val56
pothole,0.5,0.56,0,0,25,281,0.2916666666666667,0.0418535127055306,0.1654835190097259,0.0844987129551191,0.0925971935605798,0.0,0.0,0.0,0.0,runs/detect/val56
crack,0.5,0.57,0,0,58,248,0.2976190476190476,0.0373692077727952,0.1660251322751322,0.0829751965568811,0.0912801901287062,0.0,0.0,0.0,0.0,runs/detect/val57
patch,0.5,0.57,25,0,198,83,0.2976190476190476,0.0373692077727952,0.1660251322751322,0.0829751965568811,0.0912801901287062,0.8928571428571429,0.1121076233183856,0.4980753968253968,0.2489255896706434,runs/detect/val57
pothole,0.5,0.57,0,0,25,281,0.2976190476190476,0.0373692077727952,0.1660251322751322,0.0829751965568811,0.0912801901287062,0.0,0.0,0.0,0.0,runs/detect/val57
crack,0.5,0.58,0,0,58,248,0.2948717948717949,0.0343796711509716,0.163215673076923,0.0843709755797418,0.0922554453294599,0.0,0.0,0.0,0.0,runs/detect/val58
patch,0.5,0.58,23,0,200,83,0.2948717948717949,0.0343796711509716,0.163215673076923,0.0843709755797418,0.0922554453294599,0.8846153846153846,0.1031390134529148,0.4896470192307692,0.2531129267392256,runs/detect/val58
pothole,0.5,0.58,0,0,25,281,0.2948717948717949,0.0343796711509716,0.163215673076923,0.0843709755797418,0.0922554453294599,0.0,0.0,0.0,0.0,runs/detect/val58
crack,0.5,0.59,0,0,58,248,0.2948717948717949,0.0343796711509716,0.163215673076923,0.0843709755797418,0.0922554453294599,0.0,0.0,0.0,0.0,runs/detect/val59
patch,0.5,0.59,23,0,200,83,0.2948717948717949,0.0343796711509716,0.163215673076923,0.0843709755797418,0.0922554453294599,0.8846153846153846,0.1031390134529148,0.4896470192307692,0.2531129267392256,runs/detect/val59
pothole,0.5,0.59,0,0,25,281,0.2948717948717949,0.0343796711509716,0.163215673076923,0.0843709755797418,0.0922554453294599,0.0,0.0,0.0,0.0,runs/detect/val59
crack,0.5,0.6,0,0,58,248,0.2933333333333333,0.0328849028400597,0.1617341293532338,0.0845110928600648,0.0922333965093817,0.0,0.0,0.0,0.0,runs/detect/val60
patch,0.5,0.6,22,0,201,83,0.2933333333333333,0.0328849028400597,0.1617341293532338,0.0845110928600648,0.0922333965093817,0.88,0.0986547085201793,0.4852023880597015,0.2535332785801946,runs/detect/val60
pothole,0.5,0.6,0,0,25,281,0.2933333333333333,0.0328849028400597,0.1617341293532338,0.0845110928600648,0.0922333965093817,0.0,0.0,0.0,0.0,runs/detect/val60
crack,0.5,0.61,0,0,58,248,0.2878787878787879,0.0284005979073243,0.1568811794414735,0.0805553817674831,0.0881879615348822,0.0,0.0,0.0,0.0,runs/detect/val61
patch,0.5,0.61,19,0,204,83,0.2878787878787879,0.0284005979073243,0.1568811794414735,0.0805553817674831,0.0881879615348822,0.8636363636363636,0.085201793721973,0.4706435383244207,0.2416661453024494,runs/detect/val61
pothole,0.5,0.61,0,0,25,281,0.2878787878787879,0.0284005979073243,0.1568811794414735,0.0805553817674831,0.0881879615348822,0.0,0.0,0.0,0.0,runs/detect/val61
crack,0.5,0.62,0,0,58,248,0.2878787878787879,0.0284005979073243,0.1568811794414735,0.0805553817674831,0.0881879615348822,0.0,0.0,0.0,0.0,runs/detect/val62
patch,0.5,0.62,19,0,204,83,0.2878787878787879,0.0284005979073243,0.1568811794414735,0.0805553817674831,0.0881879615348822,0.8636363636363636,0.085201793721973,0.4706435383244207,0.2416661453024494,runs/detect/val62
pothole,0.5,0.62,0,0,25,281,0.2878787878787879,0.0284005979073243,0.1568811794414735,0.0805553817674831,0.0881879615348822,0.0,0.0,0.0,0.0,runs/detect/val62
crack,0.5,0.63,0,0,58,248,0.2833333333333333,0.0254110612855007,0.1532365765141008,0.0790034449380428,0.0864267580956486,0.0,0.0,0.0,0.0,runs/detect/val63
patch,0.5,0.63,17,0,206,83,0.2833333333333333,0.0254110612855007,0.1532365765141008,0.0790034449380428,0.0864267580956486,0.85,0.0762331838565022,0.4597097295423024,0.2370103348141283,runs/detect/val63
pothole,0.5,0.63,0,0,25,281,0.2833333333333333,0.0254110612855007,0.1532365765141008,0.0790034449380428,0.0864267580956486,0.0,0.0,0.0,0.0,runs/detect/val63
crack,0.5,0.64,0,0,58,248,0.2833333333333333,0.0254110612855007,0.1532365765141008,0.0790034449380428,0.0864267580956486,0.0,0.0,0.0,0.0,runs/detect/val64
patch,0.5,0.64,17,0,206,83,0.2833333333333333,0.0254110612855007,0.1532365765141008,0.0790034449380428,0.0864267580956486,0.85,0.0762331838565022,0.4597097295423024,0.2370103348141283,runs/detect/val64
pothole,0.5,0.64,0,0,25,281,0.2833333333333333,0.0254110612855007,0.1532365765141008,0.0790034449380428,0.0864267580956486,0.0,0.0,0.0,0.0,runs/detect/val64
crack,0.5,0.65,0,0,58,248,0.2807017543859649,0.0239162929745889,0.1512583124477861,0.0781552266511322,0.0854655352307976,0.0,0.0,0.0,0.0,runs/detect/val65
patch,0.5,0.65,16,0,207,83,0.2807017543859649,0.0239162929745889,0.1512583124477861,0.0781552266511322,0.0854655352307976,0.8421052631578947,0.0717488789237668,0.4537749373433585,0.2344656799533968,runs/detect/val65
pothole,0.5,0.65,0,0,25,281,0.2807017543859649,0.0239162929745889,0.1512583124477861,0.0781552266511322,0.0854655352307976,0.0,0.0,0.0,0.0,runs/detect/val65
crack,0.5,0.66,0,0,58,248,0.2745098039215686,0.0209267563527653,0.1468632597536622,0.0734121005368685,0.0807572164585478,0.0,0.0,0.0,0.0,runs/detect/val66
patch,0.5,0.66,14,0,209,83,0.2745098039215686,0.0209267563527653,0.1468632597536622,0.0734121005368685,0.0807572164585478,0.8235294117647058,0.0627802690582959,0.4405897792609867,0.2202363016106055,runs/detect/val66
pothole,0.5,0.66,0,0,25,281,0.2745098039215686,0.0209267563527653,0.1468632597536622,0.0734121005368685,0.0807572164585478,0.0,0.0,0.0,0.0,runs/detect/val66
crack,0.5,0.67,0,0,58,248,0.2666666666666666,0.0179372197309417,0.1416953735048522,0.0710033286574952,0.0780725331422309,0.0,0.0,0.0,0.0,runs/detect/val67
patch,0.5,0.67,12,0,211,83,0.2666666666666666,0.0179372197309417,0.1416953735048522,0.0710033286574952,0.0780725331422309,0.8,0.0538116591928251,0.4250861205145566,0.2130099859724856,runs/detect/val67
pothole,0.5,0.67,0,0,25,281,0.2666666666666666,0.0179372197309417,0.1416953735048522,0.0710033286574952,0.0780725331422309,0.0,0.0,0.0,0.0,runs/detect/val67
crack,0.5,0.68,0,0,58,248,0.2333333333333333,0.0104633781763826,0.1226104761904762,0.0682441953999553,0.0736808234790074,0.0,0.0,0.0,0.0,runs/detect/val68
patch,0.5,0.68,7,0,216,83,0.2333333333333333,0.0104633781763826,0.1226104761904762,0.0682441953999553,0.0736808234790074,0.7,0.0313901345291479,0.3678314285714286,0.2047325861998661,runs/detect/val68
pothole,0.5,0.68,0,0,25,281,0.2333333333333333,0.0104633781763826,0.1226104761904762,0.0682441953999553,0.0736808234790074,0.0,0.0,0.0,0.0,runs/detect/val68
crack,0.5,0.69,0,0,58,248,0.2592592592592592,0.0104633781763826,0.1350727807172251,0.0752529566760233,0.0812349390801435,0.0,0.0,0.0,0.0,runs/detect/val69
patch,0.5,0.69,7,0,216,83,0.2592592592592592,0.0104633781763826,0.1350727807172251,0.0752529566760233,0.0812349390801435,0.7777777777777778,0.0313901345291479,0.4052183421516754,0.2257588700280699,runs/detect/val69
pothole,0.5,0.69,0,0,25,281,0.2592592592592592,0.0104633781763826,0.1350727807172251,0.0752529566760233,0.0812349390801435,0.0,0.0,0.0,0.0,runs/detect/val69
crack,0.5,0.7,0,0,58,248,0.2592592592592592,0.0104633781763826,0.1350727807172251,0.0752529566760233,0.0812349390801435,0.0,0.0,0.0,0.0,runs/detect/val70
patch,0.5,0.7,7,0,216,83,0.2592592592592592,0.0104633781763826,0.1350727807172251,0.0752529566760233,0.0812349390801435,0.7777777777777778,0.0313901345291479,0.4052183421516754,0.2257588700280699,runs/detect/val70
pothole,0.5,0.7,0,0,25,281,0.2592592592592592,0.0104633781763826,0.1350727807172251,0.0752529566760233,0.0812349390801435,0.0,0.0,0.0,0.0,runs/detect/val70
crack,0.5,0.71,0,0,58,248,0.2592592592592592,0.0104633781763826,0.1350727807172251,0.0752529566760233,0.0812349390801435,0.0,0.0,0.0,0.0,runs/detect/val71
patch,0.5,0.71,7,0,216,83,0.2592592592592592,0.0104633781763826,0.1350727807172251,0.0752529566760233,0.0812349390801435,0.7777777777777778,0.0313901345291479,0.4052183421516754,0.2257588700280699,runs/detect/val71
pothole,0.5,0.71,0,0,25,281,0.2592592592592592,0.0104633781763826,0.1350727807172251,0.0752529566760233,0.0812349390801435,0.0,0.0,0.0,0.0,runs/detect/val71
crack,0.5,0.72,0,0,58,248,0.2857142857142857,0.0089686098654708,0.1474119815668202,0.0811816047834439,0.0878046424617815,0.0,0.0,0.0,0.0,runs/detect/val72
patch,0.5,0.72,6,0,217,83,0.2857142857142857,0.0089686098654708,0.1474119815668202,0.0811816047834439,0.0878046424617815,0.8571428571428571,0.0269058295964125,0.4422359447004608,0.2435448143503317,runs/detect/val72
pothole,0.5,0.72,0,0,25,281,0.2857142857142857,0.0089686098654708,0.1474119815668202,0.0811816047834439,0.0878046424617815,0.0,0.0,0.0,0.0,runs/detect/val72
crack,0.5,0.73,0,0,58,248,0.2777777777777778,0.007473841554559,0.1428337155963303,0.0800880051515635,0.0863625761960402,0.0,0.0,0.0,0.0,runs/detect/val73
patch,0.5,0.73,5,0,218,83,0.2777777777777778,0.007473841554559,0.1428337155963303,0.0800880051515635,0.0863625761960402,0.8333333333333334,0.0224215246636771,0.4285011467889908,0.2402640154546906,runs/detect/val73
pothole,0.5,0.73,0,0,25,281,0.2777777777777778,0.007473841554559,0.1428337155963303,0.0800880051515635,0.0863625761960402,0.0,0.0,0.0,0.0,runs/detect/val73
crack,0.5,0.74,0,0,58,248,0.2777777777777778,0.007473841554559,0.1428337155963303,0.0800880051515635,0.0863625761960402,0.0,0.0,0.0,0.0,runs/detect/val74
patch,0.5,0.74,5,0,218,83,0.2777777777777778,0.007473841554559,0.1428337155963303,0.0800880051515635,0.0863625761960402,0.8333333333333334,0.0224215246636771,0.4285011467889908,0.2402640154546906,runs/detect/val74
pothole,0.5,0.74,0,0,25,281,0.2777777777777778,0.007473841554559,0.1428337155963303,0.0800880051515635,0.0863625761960402,0.0,0.0,0.0,0.0,runs/detect/val74
crack,0.5,0.75,0,0,58,248,0.2777777777777778,0.007473841554559,0.1428337155963303,0.0800880051515635,0.0863625761960402,0.0,0.0,0.0,0.0,runs/detect/val75
patch,0.5,0.75,5,0,218,83,0.2777777777777778,0.007473841554559,0.1428337155963303,0.0800880051515635,0.0863625761960402,0.8333333333333334,0.0224215246636771,0.4285011467889908,0.2402640154546906,runs/detect/val75
pothole,0.5,0.75,0,0,25,281,0.2777777777777778,0.007473841554559,0.1428337155963303,0.0800880051515635,0.0863625761960402,0.0,0.0,0.0,0.0,runs/detect/val75
crack,0.5,0.76,0,0,58,248,0.3333333333333333,0.0059790732436472,0.1696534246575342,0.0935189669074718,0.1011324126824781,0.0,0.0,0.0,0.0,runs/detect/val76
patch,0.5,0.76,4,0,219,83,0.3333333333333333,0.0059790732436472,0.1696534246575342,0.0935189669074718,0.1011324126824781,1.0,0.0179372197309417,0.5089602739726028,0.2805569007224155,runs/detect/val76
pothole,0.5,0.76,0,0,25,281,0.3333333333333333,0.0059790732436472,0.1696534246575342,0.0935189669074718,0.1011324126824781,0.0,0.0,0.0,0.0,runs/detect/val76
crack,0.5,0.77,0,0,58,248,0.3333333333333333,0.0059790732436472,0.1696534246575342,0.0935189669074718,0.1011324126824781,0.0,0.0,0.0,0.0,runs/detect/val77
patch,0.5,0.77,4,0,219,83,0.3333333333333333,0.0059790732436472,0.1696534246575342,0.0935189669074718,0.1011324126824781,1.0,0.0179372197309417,0.5089602739726028,0.2805569007224155,runs/detect/val77
pothole,0.5,0.77,0,0,25,281,0.3333333333333333,0.0059790732436472,0.1696534246575342,0.0935189669074718,0.1011324126824781,0.0,0.0,0.0,0.0,runs/detect/val77
crack,0.5,0.78,0,0,58,248,0.3333333333333333,0.0059790732436472,0.1696534246575342,0.0935189669074718,0.1011324126824781,0.0,0.0,0.0,0.0,runs/detect/val78
patch,0.5,0.78,4,0,219,83,0.3333333333333333,0.0059790732436472,0.1696534246575342,0.0935189669074718,0.1011324126824781,1.0,0.0179372197309417,0.5089602739726028,0.2805569007224155,runs/detect/val78
pothole,0.5,0.78,0,0,25,281,0.3333333333333333,0.0059790732436472,0.1696534246575342,0.0935189669074718,0.1011324126824781,0.0,0.0,0.0,0.0,runs/detect/val78
crack,0.5,0.79,0,0,58,248,0.3333333333333333,0.0029895366218236,0.1681598793363499,0.1095330958786841,0.1153957742244506,0.0,0.0,0.0,0.0,runs/detect/val79
patch,0.5,0.79,2,0,221,83,0.3333333333333333,0.0029895366218236,0.1681598793363499,0.1095330958786841,0.1153957742244506,1.0,0.0089686098654708,0.5044796380090497,0.3285992876360523,runs/detect/val79
pothole,0.5,0.79,0,0,25,281,0.3333333333333333,0.0029895366218236,0.1681598793363499,0.1095330958786841,0.1153957742244506,0.0,0.0,0.0,0.0,runs/detect/val79
crack,0.5,0.8,0,0,58,248,0.3333333333333333,0.0029895366218236,0.1681598793363499,0.1095330958786841,0.1153957742244506,0.0,0.0,0.0,0.0,runs/detect/val80
patch,0.5,0.8,2,0,221,83,0.3333333333333333,0.0029895366218236,0.1681598793363499,0.1095330958786841,0.1153957742244506,1.0,0.0089686098654708,0.5044796380090497,0.3285992876360523,runs/detect/val80
pothole,0.5,0.8,0,0,25,281,0.3333333333333333,0.0029895366218236,0.1681598793363499,0.1095330958786841,0.1153957742244506,0.0,0.0,0.0,0.0,runs/detect/val80
crack,0.5,0.81,0,0,58,248,0.3333333333333333,0.0014947683109118,0.1674099099099099,0.1506689189189189,0.152343018018018,0.0,0.0,0.0,0.0,runs/detect/val81
patch,0.5,0.81,1,0,222,83,0.3333333333333333,0.0014947683109118,0.1674099099099099,0.1506689189189189,0.152343018018018,1.0,0.0044843049327354,0.5022297297297298,0.4520067567567568,runs/detect/val81
pothole,0.5,0.81,0,0,25,281,0.3333333333333333,0.0014947683109118,0.1674099099099099,0.1506689189189189,0.152343018018018,0.0,0.0,0.0,0.0,runs/detect/val81
crack,0.6,0.01,15,340,43,1046,0.4014951401411153,0.3364017937622239,0.3007861711606725,0.1078781386814888,0.1271689419294072,0.2231630028458456,0.0862068965517241,0.080256519135285,0.0212041291474821,runs/detect/val83
patch,0.6,0.01,167,712,56,509,0.4014951401411153,0.3364017937622239,0.3007861711606725,0.1078781386814888,0.1271689419294072,0.4853681395037063,0.5291479820627802,0.4738121400122492,0.1855447117569462,runs/detect/val83
pothole,0.6,0.01,12,93,13,1326,0.4014951401411153,0.3364017937622239,0.3007861711606725,0.1078781386814888,0.1271689419294072,0.4959542780737941,0.3938505026721671,0.3482898543344833,0.116885575140038,runs/detect/val83
crack,0.6,0.02,14,157,44,721,0.4014951401411153,0.3364017937622239,0.3084679789545578,0.113255076992509,0.1327763671887139,0.2231630028458456,0.0862068965517241,0.0909231352796286,0.0255914514015955,runs/detect/val84
patch,0.6,0.02,158,432,65,281,0.4014951401411153,0.3364017937622239,0.3084679789545578,0.113255076992509,0.1327763671887139,0.4853681395037063,0.5291479820627802,0.4804548275580708,0.1907148329669849,runs/detect/val84
pothole,0.6,0.02,11,48,14,863,0.4014951401411153,0.3364017937622239,0.3084679789545578,0.113255076992509,0.1327763671887139,0.4959542780737941,0.3938505026721671,0.3540259740259741,0.1234589466089466,runs/detect/val84
crack,0.6,0.03,12,86,46,578,0.4014951401411153,0.3364017937622239,0.3169923681339697,0.1174094263325877,0.1373677205127259,0.2231630028458456,0.0862068965517241,0.0964015480327442,0.0266164155545016,runs/detect/val85
patch,0.6,0.03,151,301,72,198,0.4014951401411153,0.3364017937622239,0.3169923681339697,0.1174094263325877,0.1373677205127259,0.4853681395037063,0.5291479820627802,0.4852817252003338,0.1950498324187305,runs/detect/val85
pothole,0.6,0.03,11,31,14,666,0.4014951401411153,0.3364017937622239,0.3169923681339697,0.1174094263325877,0.1373677205127259,0.4959542780737941,0.3938505026721671,0.3692938311688312,0.130562031024531,runs/detect/val85
crack,0.6,0.04,12,64,46,507,0.4014951401411153,0.3364017937622239,0.3250639794000113,0.1213123881257559,0.1416875472531815,0.2231630028458456,0.0862068965517241,0.1067761317964294,0.030540935118054,runs/detect/val86
patch,0.6,0.04,149,235,74,171,0.4014951401411153,0.3364017937622239,0.3250639794000113,0.1213123881257559,0.1416875472531815,0.4853681395037063,0.5291479820627802,0.4911245262551814,0.1991135349693767,runs/detect/val86
pothole,0.6,0.04,11,26,14,578,0.4014951401411153,0.3364017937622239,0.3250639794000113,0.1213123881257559,0.1416875472531815,0.4959542780737941,0.3938505026721671,0.377291280148423,0.1342826942898371,runs/detect/val86
crack,0.6,0.05,10,46,48,450,0.4014951401411153,0.3364017937622239,0.3317651807360345,0.1252682558258088,0.1459179483168314,0.2231630028458456,0.0862068965517241,0.1113974126927126,0.0339378524161886,runs/detect/val87
patch,0.6,0.05,147,186,76,145,0.4014951401411153,0.3364017937622239,0.3317651807360345,0.1252682558258088,0.1459179483168314,0.4853681395037063,0.5291479820627802,0.4976794644595166,0.2034309222426868,runs/detect/val87
pothole,0.6,0.05,11,18,14,511,0.4014951401411153,0.3364017937622239,0.3317651807360345,0.1252682558258088,0.1459179483168314,0.4959542780737941,0.3938505026721671,0.3862186650558744,0.1384359928185509,runs/detect/val87
crack,0.6,0.06,10,30,48,415,0.4014951401411153,0.3364017937622239,0.3399489928355081,0.1283794416831198,0.1495363967983586,0.2231630028458456,0.0862068965517241,0.1210541318447634,0.033953158492001,runs/detect/val88
patch,0.6,0.06,141,156,82,124,0.4014951401411153,0.3364017937622239,0.3399489928355081,0.1283794416831198,0.1495363967983586,0.4853681395037063,0.5291479820627802,0.4983978250167394,0.2061538895010813,runs/detect/val88
pothole,0.6,0.06,11,12,14,466,0.4014951401411153,0.3364017937622239,0.3399489928355081,0.1283794416831198,0.1495363967983586,0.4959542780737941,0.3938505026721671,0.4003950216450216,0.145031277056277,runs/detect/val88
crack,0.6,0.07,10,26,48,392,0.4022254137844469,0.3477563258756057,0.3516160747262929,0.1334494265094233,0.1552660913311102,0.2438315267163832,0.1034482758620689,0.1375003540669856,0.0394803307174129,runs/detect/val89
patch,0.6,0.07,139,135,84,118,0.4022254137844469,0.3477563258756057,0.3516160747262929,0.1334494265094233,0.1552660913311102,0.4803014291000718,0.5291479820627802,0.5029071495421406,0.2093021735466945,runs/detect/val89
pothole,0.6,0.07,11,10,14,441,0.4022254137844469,0.3477563258756057,0.3516160747262929,0.1334494265094233,0.1552660913311102,0.4825432855368856,0.4106727197019678,0.4144407205697528,0.1515657752641623,runs/detect/val89
crack,0.6,0.08,10,22,48,373,0.3324553843129694,0.3854687902685428,0.3583891203202351,0.135656083584224,0.1579293872578251,0.2051282051282051,0.1379310344827586,0.145780969451601,0.0422632426071309,runs/detect/val90
patch,0.6,0.08,135,118,88,112,0.3324553843129694,0.3854687902685428,0.3583891203202351,0.135656083584224,0.1579293872578251,0.3993808049535604,0.57847533632287,0.5041104174831303,0.2099257152162483,runs/detect/val90
pothole,0.6,0.08,11,8,14,420,0.3324553843129694,0.3854687902685428,0.3583891203202351,0.135656083584224,0.1579293872578251,0.3928571428571428,0.44,0.425275974025974,0.1547792929292929,runs/detect/val90
crack,0.6,0.09,10,20,48,351,0.3554804804804805,0.3722478222772022,0.3615553297758825,0.1378844271642939,0.1602515174254527,0.1891891891891892,0.1206896551724138,0.1370209351062292,0.0397756399769387,runs/detect/val91
patch,0.6,0.09,131,99,92,107,0.3554804804804805,0.3722478222772022,0.3615553297758825,0.1378844271642939,0.1602515174254527,0.4189189189189189,0.5560538116591929,0.5037083659097299,0.2106102533485546,runs/detect/val91
pothole,0.6,0.09,11,5,14,399,0.3554804804804805,0.3722478222772022,0.3615553297758825,0.1378844271642939,0.1602515174254527,0.4583333333333333,0.44,0.4439366883116884,0.1632673881673882,runs/detect/val91
crack,0.6,0.1,8,15,50,335,0.3809348093480935,0.3605216225967733,0.366974236461818,0.1412583490977557,0.1638299378341619,0.2,0.1034482758620689,0.1397589743589743,0.0413993693454932,runs/detect/val92
patch,0.6,0.1,127,83,96,102,0.3809348093480935,0.3605216225967733,0.366974236461818,0.1412583490977557,0.1638299378341619,0.4428044280442804,0.5381165919282511,0.5053520467147914,0.2137067746288706,runs/detect/val92
pothole,0.6,0.1,11,5,14,378,0.3809348093480935,0.3605216225967733,0.366974236461818,0.1412583490977557,0.1638299378341619,0.5,0.44,0.4558116883116883,0.1686689033189033,runs/detect/val92
crack,0.6,0.11,8,11,50,328,0.3887012252771007,0.3441987526416164,0.3664308405058205,0.1410725187947271,0.1636083509658365,0.2307692307692307,0.1034482758620689,0.1535039447731755,0.0461771569371075,runs/detect/val93
patch,0.6,0.11,125,75,98,99,0.3887012252771007,0.3441987526416164,0.3664308405058205,0.1410725187947271,0.1636083509658365,0.4591439688715953,0.5291479820627802,0.5072387931945022,0.215174093530768,runs/detect/val93
pothole,0.6,0.11,10,5,15,367,0.3887012252771007,0.3441987526416164,0.3664308405058205,0.1410725187947271,0.1636083509658365,0.4761904761904761,0.4,0.4385497835497836,0.1618663059163059,runs/detect/val93
crack,0.6,0.12,7,9,51,313,0.3955178818726577,0.3251182928715014,0.363454392725315,0.1399266180511386,0.1622793955185562,0.2272727272727272,0.0862068965517241,0.1495281589479702,0.045846690345041,runs/detect/val94
patch,0.6,0.12,124,62,99,95,0.3955178818726577,0.3251182928715014,0.363454392725315,0.1399266180511386,0.1622793955185562,0.48559670781893,0.5291479820627802,0.5135759624952339,0.2188921711752768,runs/detect/val94
pothole,0.6,0.12,9,3,16,352,0.3955178818726577,0.3251182928715014,0.363454392725315,0.1399266180511386,0.1622793955185562,0.4736842105263157,0.36,0.427259056732741,0.1550409926330979,runs/detect/val94
crack,0.6,0.13,6,4,52,309,0.4277650454121042,0.3176444513169424,0.3749649219939444,0.1448523292382858,0.1678635885138516,0.2941176470588235,0.0862068965517241,0.1801491860895301,0.0566073590739747,runs/detect/val95
patch,0.6,0.13,119,58,104,90,0.4277650454121042,0.3176444513169424,0.3749649219939444,0.1448523292382858,0.1678635885138516,0.4891774891774891,0.5067264573991032,0.5089338915806148,0.2192317354229895,runs/detect/val95
pothole,0.6,0.13,9,3,16,343,0.4277650454121042,0.3176444513169424,0.3749649219939444,0.1448523292382858,0.1678635885138516,0.5,0.36,0.4358116883116883,0.1587178932178932,runs/detect/val95
crack,0.6,0.14,6,4,52,301,0.4524162861491628,0.3028163496726972,0.3797313232486796,0.1447955507955448,0.1682891280408582,0.3125,0.0862068965517241,0.1885699685534591,0.0595665429744315,runs/detect/val96
patch,0.6,0.14,118,50,105,90,0.4524162861491628,0.3028163496726972,0.3797313232486796,0.1447955507955448,0.1682891280408582,0.5114155251141552,0.5022421524663677,0.5133123128808915,0.2215744384165319,runs/detect/val96
pothole,0.6,0.14,8,3,17,335,0.4524162861491628,0.3028163496726972,0.3797313232486796,0.1447955507955448,0.1682891280408582,0.5333333333333333,0.32,0.4373116883116883,0.153245670995671,runs/detect/val96
crack,0.6,0.15,5,3,53,292,0.4618600321570619,0.294079686614092,0.3799884550809671,0.145931033951291,0.1693367760642586,0.3076923076923077,0.0689655172413793,0.1836213675213675,0.0596527655531602,runs/detect/val97
patch,0.6,0.15,114,41,109,89,0.4618600321570619,0.294079686614092,0.3799884550809671,0.145931033951291,0.1693367760642586,0.5445544554455446,0.4932735426008968,0.5190323094098456,0.2248946653050418,runs/detect/val97
pothole,0.6,0.15,8,3,17,325,0.4618600321570619,0.294079686614092,0.3799884550809671,0.145931033951291,0.1693367760642586,0.5333333333333333,0.32,0.4373116883116883,0.153245670995671,runs/detect/val97
crack,0.6,0.16,3,3,55,286,0.4625818625818625,0.2823534869336632,0.3761959023434491,0.1459545557805518,0.1689786904368415,0.2727272727272727,0.0517241379310344,0.1642482093663911,0.0552418236707471,runs/detect/val98
patch,0.6,0.16,112,36,111,88,0.4625818625818625,0.2823534869336632,0.3761959023434491,0.1459545557805518,0.1689786904368415,0.5435897435897435,0.4753363228699551,0.5138849522094107,0.2242214107704753,runs/detect/val98
pothole,0.6,0.16,8,2,17,320,0.4625818625818625,0.2823534869336632,0.3761959023434491,0.1459545557805518,0.1689786904368415,0.5714285714285714,0.32,0.4504545454545454,0.1584004329004329,runs/detect/val98
crack,0.6,0.17,3,3,55,284,0.4534705363720907,0.2690201536003299,0.3688685529986212,0.1442490727963865,0.16671102081661,0.2727272727272727,0.0517241379310344,0.1642482093663911,0.0552418236707471,runs/detect/val99
patch,0.6,0.17,112,34,111,88,0.4534705363720907,0.2690201536003299,0.3688685529986212,0.1442490727963865,0.16671102081661,0.5492227979274611,0.4753363228699551,0.5153644426364656,0.2250747420377598,runs/detect/val99
pothole,0.6,0.17,7,2,18,318,0.4534705363720907,0.2690201536003299,0.3688685529986212,0.1442490727963865,0.16671102081661,0.5384615384615384,0.28,0.426993006993007,0.1524306526806527,runs/detect/val99
crack,0.6,0.18,3,3,55,282,0.4767685033642481,0.2675253852894181,0.3787795215331371,0.1481452776208473,0.1712087020120763,0.3333333333333333,0.0517241379310344,0.1927848484848484,0.0660270437457279,runs/detect/val100
patch,0.6,0.18,111,32,112,88,0.4767685033642481,0.2675253852894181,0.3787795215331371,0.1481452776208473,0.1712087020120763,0.5585106382978723,0.4708520179372197,0.5165607091215558,0.2259781364361614,runs/detect/val100
pothole,0.6,0.18,7,2,18,316,0.4767685033642481,0.2675253852894181,0.3787795215331371,0.1481452776208473,0.1712087020120763,0.5384615384615384,0.28,0.426993006993007,0.1524306526806527,runs/detect/val100
crack,0.6,0.19,2,3,56,278,0.5122168717674335,0.2469501572083913,0.3832990238413993,0.139875269243254,0.1642176447030686,0.2857142857142857,0.0344827586206896,0.166112925170068,0.0251628714643752,runs/detect/val101
patch,0.6,0.19,110,29,113,87,0.5122168717674335,0.2469501572083913,0.3832990238413993,0.139875269243254,0.1642176447030686,0.5842696629213483,0.4663677130044843,0.5221174796874635,0.2282684918209426,runs/detect/val101
pothole,0.6,0.19,6,1,19,313,0.5122168717674335,0.2469501572083913,0.3832990238413993,0.139875269243254,0.1642176447030686,0.6666666666666666,0.24,0.4616666666666665,0.1661944444444444,runs/detect/val101
crack,0.6,0.2,2,2,56,273,0.5364891518737672,0.2454553888974795,0.3927441639226295,0.1424086103184727,0.1674421656788884,0.3333333333333333,0.0344827586206896,0.1890761904761904,0.0286344611528822,runs/detect/val102
patch,0.6,0.2,109,24,114,86,0.5364891518737672,0.2454553888974795,0.3927441639226295,0.1424086103184727,0.1674421656788884,0.6094674556213018,0.4618834080717489,0.5274896346250317,0.2323969253580916,runs/detect/val102
pothole,0.6,0.2,6,1,19,307,0.5364891518737672,0.2454553888974795,0.3927441639226295,0.1424086103184727,0.1674421656788884,0.6666666666666666,0.24,0.4616666666666665,0.1661944444444444,runs/detect/val102
crack,0.6,0.21,2,1,56,272,0.5767131242740998,0.2291325189423225,0.4039914687649115,0.1486550244874356,0.1741886689151832,0.4,0.0344827586206896,0.2212247619047619,0.0334946867167919,runs/detect/val103
patch,0.6,0.21,107,23,116,85,0.5767131242740998,0.2291325189423225,0.4039914687649115,0.1486550244874356,0.1741886689151832,0.6158536585365854,0.452914798206278,0.5264639301042582,0.2316251486502769,runs/detect/val103
pothole,0.6,0.21,5,1,20,305,0.5767131242740998,0.2291325189423225,0.4039914687649115,0.1486550244874356,0.1741886689151832,0.7142857142857143,0.2,0.4642857142857143,0.1808452380952381,runs/detect/val103
crack,0.6,0.22,1,0,57,268,0.6130952380952381,0.2218906241946291,0.4179106650154005,0.1556377261706623,0.1818650200551362,0.5,0.0172413793103448,0.2618052631578947,0.0523610526315789,runs/detect/val104
patch,0.6,0.22,106,19,117,84,0.6130952380952381,0.2218906241946291,0.4179106650154005,0.1556377261706623,0.1818650200551362,0.6158536585365854,0.4484304932735426,0.5276410176025923,0.2337068877851701,runs/detect/val104
pothole,0.6,0.22,5,1,20,300,0.6130952380952381,0.2218906241946291,0.4179106650154005,0.1556377261706623,0.1818650200551362,0.7142857142857143,0.2,0.4642857142857143,0.1808452380952381,runs/detect/val104
crack,0.6,0.23,1,0,57,267,0.7843317972350231,0.2203958558837173,0.5009756336739867,0.172722209895492,0.2055475522733414,1.0,0.0172413793103448,0.5086105263157894,0.1017221052631578,runs/detect/val105
patch,0.6,0.23,104,18,119,84,0.7843317972350231,0.2203958558837173,0.5009756336739867,0.172722209895492,0.2055475522733414,0.6387096774193548,0.4439461883408072,0.5300306604204563,0.2355992863280801,runs/detect/val105
pothole,0.6,0.23,5,1,20,299,0.7843317972350231,0.2203958558837173,0.5009756336739867,0.172722209895492,0.2055475522733414,0.7142857142857143,0.2,0.4642857142857143,0.1808452380952381,runs/detect/val105
crack,0.6,0.24,0,0,58,266,0.452059202059202,0.2086696562032885,0.3298289025538771,0.1377326541070307,0.1569422789517154,0.0,0.0,0.0,0.0,runs/detect/val106
patch,0.6,0.24,100,17,123,84,0.452059202059202,0.2086696562032885,0.3298289025538771,0.1377326541070307,0.1569422789517154,0.6418918918918919,0.4260089686098655,0.525200993375917,0.2323527242258542,runs/detect/val106
pothole,0.6,0.24,5,1,20,298,0.452059202059202,0.2086696562032885,0.3298289025538771,0.1377326541070307,0.1569422789517154,0.7142857142857143,0.2,0.4642857142857143,0.1808452380952381,runs/detect/val106
crack,0.6,0.25,0,0,58,265,0.4548784548784548,0.2056801195814649,0.3296762461331453,0.1383459101236313,0.1574789437245827,0.0,0.0,0.0,0.0,runs/detect/val107
patch,0.6,0.25,97,16,126,84,0.4548784548784548,0.2056801195814649,0.3296762461331453,0.1383459101236313,0.1574789437245827,0.6503496503496503,0.4170403587443946,0.5247430241137216,0.234192492275656,runs/detect/val107
pothole,0.6,0.25,5,1,20,297,0.4548784548784548,0.2056801195814649,0.3296762461331453,0.1383459101236313,0.1574789437245827,0.7142857142857143,0.2,0.4642857142857143,0.1808452380952381,runs/detect/val107
crack,0.6,0.26,0,0,58,261,0.4603174603174603,0.2011958146487294,0.32980927023455,0.139456439967939,0.1584917229946001,0.0,0.0,0.0,0.0,runs/detect/val108
patch,0.6,0.26,93,12,130,84,0.4603174603174603,0.2011958146487294,0.32980927023455,0.139456439967939,0.1584917229946001,0.6666666666666666,0.4035874439461883,0.5251420964179356,0.237524081808579,runs/detect/val108
pothole,0.6,0.26,5,1,20,293,0.4603174603174603,0.2011958146487294,0.32980927023455,0.139456439967939,0.1584917229946001,0.7142857142857143,0.2,0.4642857142857143,0.1808452380952381,runs/detect/val108
crack,0.6,0.27,0,0,58,260,0.4620138131588513,0.1982062780269058,0.3293252705831739,0.1396948692791032,0.1586579094095103,0.0,0.0,0.0,0.0,runs/detect/val109
patch,0.6,0.27,90,11,133,84,0.4620138131588513,0.1982062780269058,0.3293252705831739,0.1396948692791032,0.1586579094095103,0.6717557251908397,0.3946188340807174,0.5236900974638072,0.2382393697420715,runs/detect/val109
pothole,0.6,0.27,5,1,20,292,0.4620138131588513,0.1982062780269058,0.3293252705831739,0.1396948692791032,0.1586579094095103,0.7142857142857143,0.2,0.4642857142857143,0.1808452380952381,runs/detect/val109
crack,0.6,0.28,0,0,58,258,0.4656084656084656,0.1952167414050822,0.3294012822305274,0.1397527856521997,0.1587176353100325,0.0,0.0,0.0,0.0,runs/detect/val110
patch,0.6,0.28,88,10,135,83,0.4656084656084656,0.1952167414050822,0.3294012822305274,0.1397527856521997,0.1587176353100325,0.6825396825396826,0.3856502242152466,0.5239181324058678,0.2384131188613611,runs/detect/val110
pothole,0.6,0.28,5,0,20,291,0.4656084656084656,0.1952167414050822,0.3294012822305274,0.1397527856521997,0.1587176353100325,0.7142857142857143,0.2,0.4642857142857143,0.1808452380952381,runs/detect/val110
crack,0.6,0.29,0,0,58,258,0.4657375145180023,0.1922272047832585,0.328421981939231,0.1396188300991767,0.1584991452831821,0.0,0.0,0.0,0.0,runs/detect/val111
patch,0.6,0.29,86,10,137,83,0.4657375145180023,0.1922272047832585,0.328421981939231,0.1396188300991767,0.1584991452831821,0.6829268292682927,0.3766816143497757,0.5209802315319787,0.238011252202292,runs/detect/val111
pothole,0.6,0.29,5,0,20,291,0.4657375145180023,0.1922272047832585,0.328421981939231,0.1396188300991767,0.1584991452831821,0.7142857142857143,0.2,0.4642857142857143,0.1808452380952381,runs/detect/val111
crack,0.6,0.3,0,0,58,257,0.4679802955665025,0.1862481315396113,0.3270516581264104,0.139861662647186,0.1585806621951084,0.0,0.0,0.0,0.0,runs/detect/val112
patch,0.6,0.3,82,9,141,83,0.4679802955665025,0.1862481315396113,0.3270516581264104,0.139861662647186,0.1585806621951084,0.6896551724137931,0.358744394618834,0.5168692600935169,0.2387397498463199,runs/detect/val112
pothole,0.6,0.3,5,0,20,290,0.4679802955665025,0.1862481315396113,0.3270516581264104,0.139861662647186,0.1585806621951084,0.7142857142857143,0.2,0.4642857142857143,0.1808452380952381,runs/detect/val112
crack,0.6,0.31,0,0,58,257,0.4663234663234663,0.1802690582959641,0.3244403631124708,0.1400645233122826,0.1585021072923014,0.0,0.0,0.0,0.0,runs/detect/val113
patch,0.6,0.31,78,9,145,83,0.4663234663234663,0.1802690582959641,0.3244403631124708,0.1400645233122826,0.1585021072923014,0.6846846846846847,0.3408071748878923,0.5090353750516982,0.2393483318416097,runs/detect/val113
pothole,0.6,0.31,5,0,20,290,0.4663234663234663,0.1802690582959641,0.3244403631124708,0.1400645233122826,0.1585021072923014,0.7142857142857143,0.2,0.4642857142857143,0.1808452380952381,runs/detect/val113
crack,0.6,0.32,0,0,58,257,0.4663234663234663,0.1802690582959641,0.3244403631124708,0.1400645233122826,0.1585021072923014,0.0,0.0,0.0,0.0,runs/detect/val114
patch,0.6,0.32,78,9,145,83,0.4663234663234663,0.1802690582959641,0.3244403631124708,0.1400645233122826,0.1585021072923014,0.6846846846846847,0.3408071748878923,0.5090353750516982,0.2393483318416097,runs/detect/val114
pothole,0.6,0.32,5,0,20,290,0.4663234663234663,0.1802690582959641,0.3244403631124708,0.1400645233122826,0.1585021072923014,0.7142857142857143,0.2,0.4642857142857143,0.1808452380952381,runs/detect/val114
crack,0.6,0.33,0,0,58,256,0.4705111402359108,0.1802690582959641,0.325803023657307,0.1408301410872972,0.1593274293442981,0.0,0.0,0.0,0.0,runs/detect/val115
patch,0.6,0.33,78,8,145,83,0.4705111402359108,0.1802690582959641,0.325803023657307,0.1408301410872972,0.1593274293442981,0.6972477064220184,0.3408071748878923,0.5131233566862068,0.2416451851666534,runs/detect/val115
pothole,0.6,0.33,5,0,20,289,0.4705111402359108,0.1802690582959641,0.325803023657307,0.1408301410872972,0.1593274293442981,0.7142857142857143,0.2,0.4642857142857143,0.1808452380952381,runs/detect/val115
crack,0.6,0.34,0,0,58,254,0.5213675213675214,0.1802690582959641,0.3455103974325051,0.1496190471849302,0.1692081822096877,0.0,0.0,0.0,0.0,runs/detect/val116
patch,0.6,0.34,78,6,145,83,0.5213675213675214,0.1802690582959641,0.3455103974325051,0.1496190471849302,0.1692081822096877,0.7307692307692307,0.3408071748878923,0.5240311922975154,0.2477738082214574,runs/detect/val116
pothole,0.6,0.34,5,0,20,287,0.5213675213675214,0.1802690582959641,0.3455103974325051,0.1496190471849302,0.1692081822096877,0.8333333333333334,0.2,0.5125,0.2010833333333333,runs/detect/val116
crack,0.6,0.35,0,0,58,252,0.5243055555555556,0.172795216741405,0.3437288830667859,0.1487375773754707,0.1682367079446022,0.0,0.0,0.0,0.0,runs/detect/val117
patch,0.6,0.35,73,4,150,83,0.5243055555555556,0.172795216741405,0.3437288830667859,0.1487375773754707,0.1682367079446022,0.7395833333333334,0.3183856502242152,0.518686649200358,0.2451293987930788,runs/detect/val117
pothole,0.6,0.35,5,0,20,285,0.5243055555555556,0.172795216741405,0.3437288830667859,0.1487375773754707,0.1682367079446022,0.8333333333333334,0.2,0.5125,0.2010833333333333,runs/detect/val117
crack,0.6,0.36,0,0,58,252,0.5243055555555556,0.172795216741405,0.3437288830667859,0.1487375773754707,0.1682367079446022,0.0,0.0,0.0,0.0,runs/detect/val118
patch,0.6,0.36,73,4,150,83,0.5243055555555556,0.172795216741405,0.3437288830667859,0.1487375773754707,0.1682367079446022,0.7395833333333334,0.3183856502242152,0.518686649200358,0.2451293987930788,runs/detect/val118
pothole,0.6,0.36,5,0,20,285,0.5243055555555556,0.172795216741405,0.3437288830667859,0.1487375773754707,0.1682367079446022,0.8333333333333334,0.2,0.5125,0.2010833333333333,runs/detect/val118
crack,0.6,0.37,0,0,58,252,0.5241545893719807,0.1683109118086696,0.3420146772450276,0.148946714109914,0.1682535104234253,0.0,0.0,0.0,0.0,runs/detect/val119
patch,0.6,0.37,70,4,153,83,0.5241545893719807,0.1683109118086696,0.3420146772450276,0.148946714109914,0.1682535104234253,0.7391304347826086,0.3049327354260089,0.5135440317350829,0.2457568089964087,runs/detect/val119
pothole,0.6,0.37,5,0,20,285,0.5241545893719807,0.1683109118086696,0.3420146772450276,0.148946714109914,0.1682535104234253,0.8333333333333334,0.2,0.5125,0.2010833333333333,runs/detect/val119
crack,0.6,0.38,0,0,58,252,0.5249687890137329,0.165321375186846,0.3411974507312076,0.1486716478622554,0.1679242281491506,0.0,0.0,0.0,0.0,runs/detect/val120
patch,0.6,0.38,68,4,155,83,0.5249687890137329,0.165321375186846,0.3411974507312076,0.1486716478622554,0.1679242281491506,0.7415730337078652,0.2959641255605381,0.5110923521936229,0.2449316102534329,runs/detect/val120
pothole,0.6,0.38,5,0,20,285,0.5249687890137329,0.165321375186846,0.3411974507312076,0.1486716478622554,0.1679242281491506,0.8333333333333334,0.2,0.5125,0.2010833333333333,runs/detect/val120
crack,0.6,0.39,0,0,58,252,0.5209150326797386,0.1593423019431988,0.3375064279499426,0.1459572734295023,0.1651121888815463,0.0,0.0,0.0,0.0,runs/detect/val121
patch,0.6,0.39,64,4,159,83,0.5209150326797386,0.1593423019431988,0.3375064279499426,0.1459572734295023,0.1651121888815463,0.7294117647058823,0.2780269058295964,0.5000192838498277,0.2367884869551737,runs/detect/val121
pothole,0.6,0.39,5,0,20,285,0.5209150326797386,0.1593423019431988,0.3375064279499426,0.1459572734295023,0.1651121888815463,0.8333333333333334,0.2,0.5125,0.2010833333333333,runs/detect/val121
crack,0.6,0.4,0,0,58,252,0.5227576974564926,0.157847533632287,0.3376267100412437,0.1458972898538069,0.1650702318725506,0.0,0.0,0.0,0.0,runs/detect/val122
patch,0.6,0.4,63,4,160,83,0.5227576974564926,0.157847533632287,0.3376267100412437,0.1458972898538069,0.1650702318725506,0.7349397590361446,0.273542600896861,0.5003801301237312,0.2366085362280874,runs/detect/val122
pothole,0.6,0.4,5,0,20,285,0.5227576974564926,0.157847533632287,0.3376267100412437,0.1458972898538069,0.1650702318725506,0.8333333333333334,0.2,0.5125,0.2010833333333333,runs/detect/val122
crack,0.6,0.41,0,0,58,252,0.4935897435897436,0.1252017937219731,0.3101890538295719,0.1264486649498311,0.1448227038378052,0.0,0.0,0.0,0.0,runs/detect/val123
patch,0.6,0.41,58,4,165,83,0.4935897435897436,0.1252017937219731,0.3101890538295719,0.1264486649498311,0.1448227038378052,0.7307692307692307,0.2556053811659193,0.4918171614887159,0.2315959948494935,runs/detect/val123
pothole,0.6,0.41,3,0,22,285,0.4935897435897436,0.1252017937219731,0.3101890538295719,0.1264486649498311,0.1448227038378052,0.75,0.12,0.43875,0.14775,runs/detect/val123
crack,0.6,0.42,0,0,58,252,0.4912280701754386,0.1222122571001494,0.3082037154982245,0.1257395917714294,0.1439860041441089,0.0,0.0,0.0,0.0,runs/detect/val124
patch,0.6,0.42,56,4,167,83,0.4912280701754386,0.1222122571001494,0.3082037154982245,0.1257395917714294,0.1439860041441089,0.7236842105263158,0.2466367713004484,0.4858611464946737,0.2294687753142884,runs/detect/val124
pothole,0.6,0.42,3,0,22,285,0.4912280701754386,0.1222122571001494,0.3082037154982245,0.1257395917714294,0.1439860041441089,0.75,0.12,0.43875,0.14775,runs/detect/val124
crack,0.6,0.43,0,0,58,252,0.4642313546423136,0.1058893871449925,0.2894736785496551,0.1217529891176635,0.1385250580608626,0.0,0.0,0.0,0.0,runs/detect/val125
patch,0.6,0.43,54,4,169,83,0.4642313546423136,0.1058893871449925,0.2894736785496551,0.1217529891176635,0.1385250580608626,0.726027397260274,0.2376681614349775,0.4834210356489655,0.2292589673529905,runs/detect/val125
pothole,0.6,0.43,2,0,23,285,0.4642313546423136,0.1058893871449925,0.2894736785496551,0.1217529891176635,0.1385250580608626,0.6666666666666666,0.08,0.43875,0.14775,runs/detect/val125
crack,0.6,0.44,0,0,58,251,0.4685990338164251,0.1028998505231689,0.2900218504440076,0.1216846660659176,0.1385183845037266,0.0,0.0,0.0,0.0,runs/detect/val126
patch,0.6,0.44,51,3,172,83,0.4685990338164251,0.1028998505231689,0.2900218504440076,0.1216846660659176,0.1385183845037266,0.7391304347826086,0.2286995515695067,0.4850655513320227,0.2290539981977529,runs/detect/val126
pothole,0.6,0.44,2,0,23,284,0.4685990338164251,0.1028998505231689,0.2900218504440076,0.1216846660659176,0.1385183845037266,0.6666666666666666,0.08,0.43875,0.14775,runs/detect/val126
crack,0.6,0.45,0,0,58,251,0.4709784411276949,0.1014050822122571,0.2903884202823266,0.1221812847496647,0.1390019983029309,0.0,0.0,0.0,0.0,runs/detect/val127
patch,0.6,0.45,50,3,173,83,0.4709784411276949,0.1014050822122571,0.2903884202823266,0.1221812847496647,0.1390019983029309,0.746268656716418,0.2242152466367713,0.4861652608469797,0.2305438542489943,runs/detect/val127
pothole,0.6,0.45,2,0,23,284,0.4709784411276949,0.1014050822122571,0.2903884202823266,0.1221812847496647,0.1390019983029309,0.6666666666666666,0.08,0.43875,0.14775,runs/detect/val127
crack,0.6,0.46,0,0,58,251,0.4786324786324786,0.1014050822122571,0.2933512362602404,0.1237336243357495,0.1406953855281986,0.0,0.0,0.0,0.0,runs/detect/val128
patch,0.6,0.46,50,3,173,83,0.4786324786324786,0.1014050822122571,0.2933512362602404,0.1237336243357495,0.1406953855281986,0.7692307692307693,0.2242152466367713,0.4950537087807214,0.2352008730072485,runs/detect/val128
pothole,0.6,0.46,2,0,23,284,0.4786324786324786,0.1014050822122571,0.2933512362602404,0.1237336243357495,0.1406953855281986,0.6666666666666666,0.08,0.43875,0.14775,runs/detect/val128
crack,0.6,0.47,0,0,58,251,0.485663082437276,0.0999103139013452,0.2955560557589737,0.1246698638839572,0.1417584830714589,0.0,0.0,0.0,0.0,runs/detect/val129
patch,0.6,0.47,49,3,174,83,0.485663082437276,0.0999103139013452,0.2955560557589737,0.1246698638839572,0.1417584830714589,0.7903225806451613,0.2197309417040358,0.5016681672769211,0.2380095916518718,runs/detect/val129
pothole,0.6,0.47,2,0,23,284,0.485663082437276,0.0999103139013452,0.2955560557589737,0.1246698638839572,0.1417584830714589,0.6666666666666666,0.08,0.43875,0.14775,runs/detect/val129
crack,0.6,0.48,0,0,58,251,0.5932203389830509,0.0954260089686098,0.3440295574340291,0.143004782799322,0.1631072602627928,0.0,0.0,0.0,0.0,runs/detect/val130
patch,0.6,0.48,46,3,177,83,0.5932203389830509,0.0954260089686098,0.3440295574340291,0.143004782799322,0.1631072602627928,0.7796610169491526,0.2062780269058296,0.4920886723020874,0.2377643483979662,runs/detect/val130
pothole,0.6,0.48,2,0,23,284,0.5932203389830509,0.0954260089686098,0.3440295574340291,0.143004782799322,0.1631072602627928,1.0,0.08,0.54,0.19125,runs/detect/val130
crack,0.6,0.49,0,0,58,251,0.6037735849056604,0.0909417040358744,0.34648536487952,0.1457934051969092,0.1658626011651703,0.0,0.0,0.0,0.0,runs/detect/val131
patch,0.6,0.49,43,3,180,83,0.6037735849056604,0.0909417040358744,0.34648536487952,0.1457934051969092,0.1658626011651703,0.8113207547169812,0.1928251121076233,0.4994560946385599,0.2461302155907277,runs/detect/val131
pothole,0.6,0.49,2,0,23,284,0.6037735849056604,0.0909417040358744,0.34648536487952,0.1457934051969092,0.1658626011651703,1.0,0.08,0.54,0.19125,runs/detect/val131
crack,0.6,0.5,0,0,58,251,0.6078431372549019,0.0761136023916293,0.3408265180016352,0.1703452417816794,0.187393369403675,0.0,0.0,0.0,0.0,runs/detect/val132
patch,0.6,0.5,42,3,181,83,0.6078431372549019,0.0761136023916293,0.3408265180016352,0.1703452417816794,0.187393369403675,0.8235294117647058,0.1883408071748878,0.5024795540049058,0.2510357253450385,runs/detect/val132
pothole,0.6,0.5,1,0,24,284,0.6078431372549019,0.0761136023916293,0.3408265180016352,0.1703452417816794,0.187393369403675,1.0,0.04,0.5199999999999999,0.2599999999999999,runs/detect/val132
crack,0.6,0.51,0,0,58,251,0.2777777777777778,0.0597907324364723,0.1675747091238308,0.0829440344168156,0.0914071018875171,0.0,0.0,0.0,0.0,runs/detect/val133
patch,0.6,0.51,40,3,183,83,0.2777777777777778,0.0597907324364723,0.1675747091238308,0.0829440344168156,0.0914071018875171,0.8333333333333334,0.179372197309417,0.5027241273714925,0.2488321032504468,runs/detect/val133
pothole,0.6,0.51,0,0,25,284,0.2777777777777778,0.0597907324364723,0.1675747091238308,0.0829440344168156,0.0914071018875171,0.0,0.0,0.0,0.0,runs/detect/val133
crack,0.6,0.52,0,0,58,249,0.2803030303030303,0.0553064275037369,0.1667216023910704,0.0824669371245456,0.090892403651198,0.0,0.0,0.0,0.0,runs/detect/val134
patch,0.6,0.52,37,1,186,83,0.2803030303030303,0.0553064275037369,0.1667216023910704,0.0824669371245456,0.090892403651198,0.8409090909090909,0.1659192825112107,0.5001648071732114,0.2474008113736367,runs/detect/val134
pothole,0.6,0.52,0,0,25,282,0.2803030303030303,0.0553064275037369,0.1667216023910704,0.0824669371245456,0.090892403651198,0.0,0.0,0.0,0.0,runs/detect/val134
crack,0.6,0.53,0,0,58,249,0.2926829268292683,0.0538116591928251,0.1712415736475796,0.0849763880091147,0.0936029065729612,0.0,0.0,0.0,0.0,runs/detect/val135
patch,0.6,0.53,36,1,187,83,0.2926829268292683,0.0538116591928251,0.1712415736475796,0.0849763880091147,0.0936029065729612,0.8780487804878049,0.1614349775784753,0.513724720942739,0.2549291640273443,runs/detect/val135
pothole,0.6,0.53,0,0,25,282,0.2926829268292683,0.0538116591928251,0.1712415736475796,0.0849763880091147,0.0936029065729612,0.0,0.0,0.0,0.0,runs/detect/val135
crack,0.6,0.54,0,0,58,249,0.2905982905982906,0.0508221225710014,0.1690082429277831,0.0831773937842701,0.0917604786986214,0.0,0.0,0.0,0.0,runs/detect/val136
patch,0.6,0.54,34,1,189,83,0.2905982905982906,0.0508221225710014,0.1690082429277831,0.0831773937842701,0.0917604786986214,0.8717948717948718,0.1524663677130044,0.5070247287833494,0.2495321813528105,runs/detect/val136
pothole,0.6,0.54,0,0,25,282,0.2905982905982906,0.0508221225710014,0.1690082429277831,0.0831773937842701,0.0917604786986214,0.0,0.0,0.0,0.0,runs/detect/val136
crack,0.6,0.55,0,0,58,249,0.287037037037037,0.046337817638266,0.1655078604639892,0.081640606088043,0.0900273315256376,0.0,0.0,0.0,0.0,runs/detect/val137
patch,0.6,0.55,31,1,192,83,0.287037037037037,0.046337817638266,0.1655078604639892,0.081640606088043,0.0900273315256376,0.8611111111111112,0.1390134529147982,0.4965235813919676,0.2449218182641291,runs/detect/val137
pothole,0.6,0.55,0,0,25,282,0.287037037037037,0.046337817638266,0.1655078604639892,0.081640606088043,0.0900273315256376,0.0,0.0,0.0,0.0,runs/detect/val137
crack,0.6,0.56,0,0,58,248,0.2916666666666667,0.0418535127055306,0.1654835190097259,0.0844987129551191,0.0925971935605798,0.0,0.0,0.0,0.0,runs/detect/val138
patch,0.6,0.56,28,0,195,83,0.2916666666666667,0.0418535127055306,0.1654835190097259,0.0844987129551191,0.0925971935605798,0.8611111111111112,0.1255605381165919,0.4964505570291777,0.2534961388653575,runs/detect/val138
pothole,0.6,0.56,0,0,25,281,0.2916666666666667,0.0418535127055306,0.1654835190097259,0.0844987129551191,0.0925971935605798,0.0,0.0,0.0,0.0,runs/detect/val138
crack,0.6,0.57,0,0,58,248,0.2976190476190476,0.0373692077727952,0.1660251322751322,0.0829751965568811,0.0912801901287062,0.0,0.0,0.0,0.0,runs/detect/val139
patch,0.6,0.57,25,0,198,83,0.2976190476190476,0.0373692077727952,0.1660251322751322,0.0829751965568811,0.0912801901287062,0.8928571428571429,0.1121076233183856,0.4980753968253968,0.2489255896706434,runs/detect/val139
pothole,0.6,0.57,0,0,25,281,0.2976190476190476,0.0373692077727952,0.1660251322751322,0.0829751965568811,0.0912801901287062,0.0,0.0,0.0,0.0,runs/detect/val139
crack,0.6,0.58,0,0,58,248,0.2948717948717949,0.0343796711509716,0.163215673076923,0.0843709755797418,0.0922554453294599,0.0,0.0,0.0,0.0,runs/detect/val140
patch,0.6,0.58,23,0,200,83,0.2948717948717949,0.0343796711509716,0.163215673076923,0.0843709755797418,0.0922554453294599,0.8846153846153846,0.1031390134529148,0.4896470192307692,0.2531129267392256,runs/detect/val140
pothole,0.6,0.58,0,0,25,281,0.2948717948717949,0.0343796711509716,0.163215673076923,0.0843709755797418,0.0922554453294599,0.0,0.0,0.0,0.0,runs/detect/val140
crack,0.6,0.59,0,0,58,248,0.2948717948717949,0.0343796711509716,0.163215673076923,0.0843709755797418,0.0922554453294599,0.0,0.0,0.0,0.0,runs/detect/val141
patch,0.6,0.59,23,0,200,83,0.2948717948717949,0.0343796711509716,0.163215673076923,0.0843709755797418,0.0922554453294599,0.8846153846153846,0.1031390134529148,0.4896470192307692,0.2531129267392256,runs/detect/val141
pothole,0.6,0.59,0,0,25,281,0.2948717948717949,0.0343796711509716,0.163215673076923,0.0843709755797418,0.0922554453294599,0.0,0.0,0.0,0.0,runs/detect/val141
crack,0.6,0.6,0,0,58,248,0.2933333333333333,0.0328849028400597,0.1617341293532338,0.0845110928600648,0.0922333965093817,0.0,0.0,0.0,0.0,runs/detect/val142
patch,0.6,0.6,22,0,201,83,0.2933333333333333,0.0328849028400597,0.1617341293532338,0.0845110928600648,0.0922333965093817,0.88,0.0986547085201793,0.4852023880597015,0.2535332785801946,runs/detect/val142
pothole,0.6,0.6,0,0,25,281,0.2933333333333333,0.0328849028400597,0.1617341293532338,0.0845110928600648,0.0922333965093817,0.0,0.0,0.0,0.0,runs/detect/val142
crack,0.6,0.61,0,0,58,248,0.2878787878787879,0.0284005979073243,0.1568811794414735,0.0805553817674831,0.0881879615348822,0.0,0.0,0.0,0.0,runs/detect/val143
patch,0.6,0.61,19,0,204,83,0.2878787878787879,0.0284005979073243,0.1568811794414735,0.0805553817674831,0.0881879615348822,0.8636363636363636,0.085201793721973,0.4706435383244207,0.2416661453024494,runs/detect/val143
pothole,0.6,0.61,0,0,25,281,0.2878787878787879,0.0284005979073243,0.1568811794414735,0.0805553817674831,0.0881879615348822,0.0,0.0,0.0,0.0,runs/detect/val143
crack,0.6,0.62,0,0,58,248,0.2878787878787879,0.0284005979073243,0.1568811794414735,0.0805553817674831,0.0881879615348822,0.0,0.0,0.0,0.0,runs/detect/val144
patch,0.6,0.62,19,0,204,83,0.2878787878787879,0.0284005979073243,0.1568811794414735,0.0805553817674831,0.0881879615348822,0.8636363636363636,0.085201793721973,0.4706435383244207,0.2416661453024494,runs/detect/val144
pothole,0.6,0.62,0,0,25,281,0.2878787878787879,0.0284005979073243,0.1568811794414735,0.0805553817674831,0.0881879615348822,0.0,0.0,0.0,0.0,runs/detect/val144
crack,0.6,0.63,0,0,58,248,0.2833333333333333,0.0254110612855007,0.1532365765141008,0.0790034449380428,0.0864267580956486,0.0,0.0,0.0,0.0,runs/detect/val145
patch,0.6,0.63,17,0,206,83,0.2833333333333333,0.0254110612855007,0.1532365765141008,0.0790034449380428,0.0864267580956486,0.85,0.0762331838565022,0.4597097295423024,0.2370103348141283,runs/detect/val145
pothole,0.6,0.63,0,0,25,281,0.2833333333333333,0.0254110612855007,0.1532365765141008,0.0790034449380428,0.0864267580956486,0.0,0.0,0.0,0.0,runs/detect/val145
crack,0.6,0.64,0,0,58,248,0.2833333333333333,0.0254110612855007,0.1532365765141008,0.0790034449380428,0.0864267580956486,0.0,0.0,0.0,0.0,runs/detect/val146
patch,0.6,0.64,17,0,206,83,0.2833333333333333,0.0254110612855007,0.1532365765141008,0.0790034449380428,0.0864267580956486,0.85,0.0762331838565022,0.4597097295423024,0.2370103348141283,runs/detect/val146
pothole,0.6,0.64,0,0,25,281,0.2833333333333333,0.0254110612855007,0.1532365765141008,0.0790034449380428,0.0864267580956486,0.0,0.0,0.0,0.0,runs/detect/val146
crack,0.6,0.65,0,0,58,248,0.2807017543859649,0.0239162929745889,0.1512583124477861,0.0781552266511322,0.0854655352307976,0.0,0.0,0.0,0.0,runs/detect/val147
patch,0.6,0.65,16,0,207,83,0.2807017543859649,0.0239162929745889,0.1512583124477861,0.0781552266511322,0.0854655352307976,0.8421052631578947,0.0717488789237668,0.4537749373433585,0.2344656799533968,runs/detect/val147
pothole,0.6,0.65,0,0,25,281,0.2807017543859649,0.0239162929745889,0.1512583124477861,0.0781552266511322,0.0854655352307976,0.0,0.0,0.0,0.0,runs/detect/val147
crack,0.6,0.66,0,0,58,248,0.2745098039215686,0.0209267563527653,0.1468632597536622,0.0734121005368685,0.0807572164585478,0.0,0.0,0.0,0.0,runs/detect/val148
patch,0.6,0.66,14,0,209,83,0.2745098039215686,0.0209267563527653,0.1468632597536622,0.0734121005368685,0.0807572164585478,0.8235294117647058,0.0627802690582959,0.4405897792609867,0.2202363016106055,runs/detect/val148
pothole,0.6,0.66,0,0,25,281,0.2745098039215686,0.0209267563527653,0.1468632597536622,0.0734121005368685,0.0807572164585478,0.0,0.0,0.0,0.0,runs/detect/val148
crack,0.6,0.67,0,0,58,248,0.2666666666666666,0.0179372197309417,0.1416953735048522,0.0710033286574952,0.0780725331422309,0.0,0.0,0.0,0.0,runs/detect/val149
patch,0.6,0.67,12,0,211,83,0.2666666666666666,0.0179372197309417,0.1416953735048522,0.0710033286574952,0.0780725331422309,0.8,0.0538116591928251,0.4250861205145566,0.2130099859724856,runs/detect/val149
pothole,0.6,0.67,0,0,25,281,0.2666666666666666,0.0179372197309417,0.1416953735048522,0.0710033286574952,0.0780725331422309,0.0,0.0,0.0,0.0,runs/detect/val149
crack,0.6,0.68,0,0,58,248,0.2333333333333333,0.0104633781763826,0.1226104761904762,0.0682441953999553,0.0736808234790074,0.0,0.0,0.0,0.0,runs/detect/val150
patch,0.6,0.68,7,0,216,83,0.2333333333333333,0.0104633781763826,0.1226104761904762,0.0682441953999553,0.0736808234790074,0.7,0.0313901345291479,0.3678314285714286,0.2047325861998661,runs/detect/val150
pothole,0.6,0.68,0,0,25,281,0.2333333333333333,0.0104633781763826,0.1226104761904762,0.0682441953999553,0.0736808234790074,0.0,0.0,0.0,0.0,runs/detect/val150
crack,0.6,0.69,0,0,58,248,0.2592592592592592,0.0104633781763826,0.1350727807172251,0.0752529566760233,0.0812349390801435,0.0,0.0,0.0,0.0,runs/detect/val151
patch,0.6,0.69,7,0,216,83,0.2592592592592592,0.0104633781763826,0.1350727807172251,0.0752529566760233,0.0812349390801435,0.7777777777777778,0.0313901345291479,0.4052183421516754,0.2257588700280699,runs/detect/val151
pothole,0.6,0.69,0,0,25,281,0.2592592592592592,0.0104633781763826,0.1350727807172251,0.0752529566760233,0.0812349390801435,0.0,0.0,0.0,0.0,runs/detect/val151
crack,0.6,0.7,0,0,58,248,0.2592592592592592,0.0104633781763826,0.1350727807172251,0.0752529566760233,0.0812349390801435,0.0,0.0,0.0,0.0,runs/detect/val152
patch,0.6,0.7,7,0,216,83,0.2592592592592592,0.0104633781763826,0.1350727807172251,0.0752529566760233,0.0812349390801435,0.7777777777777778,0.0313901345291479,0.4052183421516754,0.2257588700280699,runs/detect/val152
pothole,0.6,0.7,0,0,25,281,0.2592592592592592,0.0104633781763826,0.1350727807172251,0.0752529566760233,0.0812349390801435,0.0,0.0,0.0,0.0,runs/detect/val152
crack,0.6,0.71,0,0,58,248,0.2592592592592592,0.0104633781763826,0.1350727807172251,0.0752529566760233,0.0812349390801435,0.0,0.0,0.0,0.0,runs/detect/val153
patch,0.6,0.71,7,0,216,83,0.2592592592592592,0.0104633781763826,0.1350727807172251,0.0752529566760233,0.0812349390801435,0.7777777777777778,0.0313901345291479,0.4052183421516754,0.2257588700280699,runs/detect/val153
pothole,0.6,0.71,0,0,25,281,0.2592592592592592,0.0104633781763826,0.1350727807172251,0.0752529566760233,0.0812349390801435,0.0,0.0,0.0,0.0,runs/detect/val153
crack,0.6,0.72,0,0,58,248,0.2857142857142857,0.0089686098654708,0.1474119815668202,0.0811816047834439,0.0878046424617815,0.0,0.0,0.0,0.0,runs/detect/val154
patch,0.6,0.72,6,0,217,83,0.2857142857142857,0.0089686098654708,0.1474119815668202,0.0811816047834439,0.0878046424617815,0.8571428571428571,0.0269058295964125,0.4422359447004608,0.2435448143503317,runs/detect/val154
pothole,0.6,0.72,0,0,25,281,0.2857142857142857,0.0089686098654708,0.1474119815668202,0.0811816047834439,0.0878046424617815,0.0,0.0,0.0,0.0,runs/detect/val154
crack,0.6,0.73,0,0,58,248,0.2777777777777778,0.007473841554559,0.1428337155963303,0.0800880051515635,0.0863625761960402,0.0,0.0,0.0,0.0,runs/detect/val155
patch,0.6,0.73,5,0,218,83,0.2777777777777778,0.007473841554559,0.1428337155963303,0.0800880051515635,0.0863625761960402,0.8333333333333334,0.0224215246636771,0.4285011467889908,0.2402640154546906,runs/detect/val155
pothole,0.6,0.73,0,0,25,281,0.2777777777777778,0.007473841554559,0.1428337155963303,0.0800880051515635,0.0863625761960402,0.0,0.0,0.0,0.0,runs/detect/val155
crack,0.6,0.74,0,0,58,248,0.2777777777777778,0.007473841554559,0.1428337155963303,0.0800880051515635,0.0863625761960402,0.0,0.0,0.0,0.0,runs/detect/val156
patch,0.6,0.74,5,0,218,83,0.2777777777777778,0.007473841554559,0.1428337155963303,0.0800880051515635,0.0863625761960402,0.8333333333333334,0.0224215246636771,0.4285011467889908,0.2402640154546906,runs/detect/val156
pothole,0.6,0.74,0,0,25,281,0.2777777777777778,0.007473841554559,0.1428337155963303,0.0800880051515635,0.0863625761960402,0.0,0.0,0.0,0.0,runs/detect/val156
crack,0.6,0.75,0,0,58,248,0.2777777777777778,0.007473841554559,0.1428337155963303,0.0800880051515635,0.0863625761960402,0.0,0.0,0.0,0.0,runs/detect/val157
patch,0.6,0.75,5,0,218,83,0.2777777777777778,0.007473841554559,0.1428337155963303,0.0800880051515635,0.0863625761960402,0.8333333333333334,0.0224215246636771,0.4285011467889908,0.2402640154546906,runs/detect/val157
pothole,0.6,0.75,0,0,25,281,0.2777777777777778,0.007473841554559,0.1428337155963303,0.0800880051515635,0.0863625761960402,0.0,0.0,0.0,0.0,runs/detect/val157
crack,0.6,0.76,0,0,58,248,0.3333333333333333,0.0059790732436472,0.1696534246575342,0.0935189669074718,0.1011324126824781,0.0,0.0,0.0,0.0,runs/detect/val158
patch,0.6,0.76,4,0,219,83,0.3333333333333333,0.0059790732436472,0.1696534246575342,0.0935189669074718,0.1011324126824781,1.0,0.0179372197309417,0.5089602739726028,0.2805569007224155,runs/detect/val158
pothole,0.6,0.76,0,0,25,281,0.3333333333333333,0.0059790732436472,0.1696534246575342,0.0935189669074718,0.1011324126824781,0.0,0.0,0.0,0.0,runs/detect/val158
crack,0.6,0.77,0,0,58,248,0.3333333333333333,0.0059790732436472,0.1696534246575342,0.0935189669074718,0.1011324126824781,0.0,0.0,0.0,0.0,runs/detect/val159
patch,0.6,0.77,4,0,219,83,0.3333333333333333,0.0059790732436472,0.1696534246575342,0.0935189669074718,0.1011324126824781,1.0,0.0179372197309417,0.5089602739726028,0.2805569007224155,runs/detect/val159
pothole,0.6,0.77,0,0,25,281,0.3333333333333333,0.0059790732436472,0.1696534246575342,0.0935189669074718,0.1011324126824781,0.0,0.0,0.0,0.0,runs/detect/val159
crack,0.6,0.78,0,0,58,248,0.3333333333333333,0.0059790732436472,0.1696534246575342,0.0935189669074718,0.1011324126824781,0.0,0.0,0.0,0.0,runs/detect/val160
patch,0.6,0.78,4,0,219,83,0.3333333333333333,0.0059790732436472,0.1696534246575342,0.0935189669074718,0.1011324126824781,1.0,0.0179372197309417,0.5089602739726028,0.2805569007224155,runs/detect/val160
pothole,0.6,0.78,0,0,25,281,0.3333333333333333,0.0059790732436472,0.1696534246575342,0.0935189669074718,0.1011324126824781,0.0,0.0,0.0,0.0,runs/detect/val160
crack,0.6,0.79,0,0,58,248,0.3333333333333333,0.0029895366218236,0.1681598793363499,0.1095330958786841,0.1153957742244506,0.0,0.0,0.0,0.0,runs/detect/val161
patch,0.6,0.79,2,0,221,83,0.3333333333333333,0.0029895366218236,0.1681598793363499,0.1095330958786841,0.1153957742244506,1.0,0.0089686098654708,0.5044796380090497,0.3285992876360523,runs/detect/val161
pothole,0.6,0.79,0,0,25,281,0.3333333333333333,0.0029895366218236,0.1681598793363499,0.1095330958786841,0.1153957742244506,0.0,0.0,0.0,0.0,runs/detect/val161
crack,0.6,0.8,0,0,58,248,0.3333333333333333,0.0029895366218236,0.1681598793363499,0.1095330958786841,0.1153957742244506,0.0,0.0,0.0,0.0,runs/detect/val162
patch,0.6,0.8,2,0,221,83,0.3333333333333333,0.0029895366218236,0.1681598793363499,0.1095330958786841,0.1153957742244506,1.0,0.0089686098654708,0.5044796380090497,0.3285992876360523,runs/detect/val162
pothole,0.6,0.8,0,0,25,281,0.3333333333333333,0.0029895366218236,0.1681598793363499,0.1095330958786841,0.1153957742244506,0.0,0.0,0.0,0.0,runs/detect/val162
crack,0.6,0.81,0,0,58,248,0.3333333333333333,0.0014947683109118,0.1674099099099099,0.1506689189189189,0.152343018018018,0.0,0.0,0.0,0.0,runs/detect/val163
patch,0.6,0.81,1,0,222,83,0.3333333333333333,0.0014947683109118,0.1674099099099099,0.1506689189189189,0.152343018018018,1.0,0.0044843049327354,0.5022297297297298,0.4520067567567568,runs/detect/val163
pothole,0.6,0.81,0,0,25,281,0.3333333333333333,0.0014947683109118,0.1674099099099099,0.1506689189189189,0.152343018018018,0.0,0.0,0.0,0.0,runs/detect/val163
crack,0.7,0.01,16,517,42,1390,0.3589720621568146,0.330865419308283,0.2909795795770725,0.1042517491135878,0.1229245321599363,0.2729419045547494,0.1034482758620689,0.0868668784834259,0.0207600520476443,runs/detect/val165
patch,0.7,0.01,170,1034,53,708,0.3589720621568146,0.330865419308283,0.2909795795770725,0.1042517491135878,0.1229245321599363,0.4064863153563063,0.5291479820627802,0.4530426426728478,0.1802324345221048,runs/detect/val165
pothole,0.7,0.01,11,116,14,1824,0.3589720621568146,0.330865419308283,0.2909795795770725,0.1042517491135878,0.1229245321599363,0.3974879665593883,0.36,0.3330292175749437,0.1117627607710143,runs/detect/val165
crack,0.7,0.02,14,235,44,919,0.3589720621568146,0.330865419308283,0.2964115235009359,0.1081892238156772,0.1270114537842031,0.2729419045547494,0.1034482758620689,0.0931002985459375,0.0227582429577701,runs/detect/val166
patch,0.7,0.02,159,618,64,371,0.3589720621568146,0.330865419308283,0.2964115235009359,0.1081892238156772,0.1270114537842031,0.4064863153563063,0.5291479820627802,0.4584825088263838,0.1847510967500789,runs/detect/val166
pothole,0.7,0.02,11,61,14,1126,0.3589720621568146,0.330865419308283,0.2964115235009359,0.1081892238156772,0.1270114537842031,0.3974879665593883,0.36,0.3376517631304865,0.1170583317391828,runs/detect/val166
crack,0.7,0.03,12,128,46,707,0.3589720621568146,0.330865419308283,0.3039682858518468,0.111983761320983,0.1311822137740694,0.2729419045547494,0.1034482758620689,0.0993046778272147,0.0244046497922609,runs/detect/val167
patch,0.7,0.03,151,424,72,246,0.3589720621568146,0.330865419308283,0.3039682858518468,0.111983761320983,0.1311822137740694,0.4064863153563063,0.5291479820627802,0.461508435651507,0.188235603161896,runs/detect/val167
pothole,0.7,0.03,11,38,14,830,0.3589720621568146,0.330865419308283,0.3039682858518468,0.111983761320983,0.1311822137740694,0.3974879665593883,0.36,0.3510917440768186,0.1233110310087921,runs/detect/val167
crack,0.7,0.04,12,91,46,610,0.3589720621568146,0.330865419308283,0.3119493144611355,0.1149221221644759,0.1346248413941419,0.2729419045547494,0.1034482758620689,0.1098152375867527,0.02603093293402,runs/detect/val168
patch,0.7,0.04,149,335,74,201,0.3589720621568146,0.330865419308283,0.3119493144611355,0.1149221221644759,0.1346248413941419,0.4064863153563063,0.5291479820627802,0.4657498636388115,0.1911484164098907,runs/detect/val168
pothole,0.7,0.04,11,29,14,705,0.3589720621568146,0.330865419308283,0.3119493144611355,0.1149221221644759,0.1346248413941419,0.3974879665593883,0.36,0.3602828421578422,0.1275870171495171,runs/detect/val168
crack,0.7,0.05,11,63,47,536,0.3589720621568146,0.330865419308283,0.3204367313478313,0.1190876959102362,0.1392225994539957,0.2729419045547494,0.1034482758620689,0.1196349318141084,0.0301778232334795,runs/detect/val169
patch,0.7,0.05,148,271,75,163,0.3589720621568146,0.330865419308283,0.3204367313478313,0.1190876959102362,0.1392225994539957,0.4064863153563063,0.5291479820627802,0.4706724352691117,0.1945109753112379,runs/detect/val169
pothole,0.7,0.05,11,19,14,613,0.3589720621568146,0.330865419308283,0.3204367313478313,0.1190876959102362,0.1392225994539957,0.3974879665593883,0.36,0.3710028269602737,0.1325742891859913,runs/detect/val169
crack,0.7,0.06,11,42,47,487,0.3589720621568146,0.330865419308283,0.3295686667920963,0.1228855154144241,0.1435538305521913,0.2729419045547494,0.1034482758620689,0.1344302884885473,0.0343707237898736,runs/detect/val170
patch,0.7,0.06,142,227,81,137,0.3589720621568146,0.330865419308283,0.3295686667920963,0.1228855154144241,0.1435538305521913,0.4064863153563063,0.5291479820627802,0.4716000125870423,0.1962809481610244,runs/detect/val170
pothole,0.7,0.06,11,13,14,549,0.3589720621568146,0.330865419308283,0.3295686667920963,0.1228855154144241,0.1435538305521913,0.3974879665593883,0.36,0.3826756993006993,0.1380048742923743,runs/detect/val170
crack,0.7,0.07,11,36,47,461,0.3589720621568146,0.330865419308283,0.3397455293638547,0.1271152213230481,0.1483782521271287,0.2729419045547494,0.1034482758620689,0.1504012881970872,0.0394688376653522,runs/detect/val171
patch,0.7,0.07,140,202,83,130,0.3589720621568146,0.330865419308283,0.3397455293638547,0.1271152213230481,0.1483782521271287,0.4064863153563063,0.5291479820627802,0.4749631720223491,0.1986630234399891,runs/detect/val171
pothole,0.7,0.07,11,12,14,518,0.3589720621568146,0.330865419308283,0.3397455293638547,0.1271152213230481,0.1483782521271287,0.3974879665593883,0.36,0.3938721278721279,0.1432138028638028,runs/detect/val171
crack,0.7,0.08,10,31,48,426,0.3594996044540295,0.3518476515462344,0.3432859083445711,0.1292637343635619,0.1506659517616628,0.2786576708218506,0.1206896551724138,0.1491421851432881,0.0413088813217999,runs/detect/val172
patch,0.7,0.08,137,168,86,124,0.3594996044540295,0.3518476515462344,0.3432859083445711,0.1292637343635619,0.1506659517616628,0.399136712268638,0.5336322869955157,0.4784460905897258,0.1993618224765114,runs/detect/val172
pothole,0.7,0.08,11,11,14,479,0.3594996044540295,0.3518476515462344,0.3432859083445711,0.1292637343635619,0.1506659517616628,0.4007044302716001,0.4012210124707736,0.4022694493006993,0.1471204992923743,runs/detect/val172
crack,0.7,0.09,10,24,48,401,0.3556978829934429,0.3570986000080089,0.3443012735103066,0.1304698887558543,0.1518530272312995,0.2698232674045824,0.1206896551724138,0.1393706594268476,0.0376773173914424,runs/detect/val173
patch,0.7,0.09,131,146,92,114,0.3556978829934429,0.3570986000080089,0.3443012735103066,0.1304698887558543,0.1518530272312995,0.3874777712741518,0.5336322869955157,0.477268176089087,0.2001006888694605,runs/detect/val173
pothole,0.7,0.09,11,8,14,450,0.3556978829934429,0.3570986000080089,0.3443012735103066,0.1304698887558543,0.1518530272312995,0.4097926103015946,0.4169738578560973,0.416264985014985,0.15363166000666,runs/detect/val173
crack,0.7,0.1,8,17,50,378,0.3315060628016021,0.3677635173444668,0.3514000948548736,0.1340720451549408,0.155804850124934,0.2058823529411764,0.1206896551724138,0.1498519918374589,0.0414608118071467,runs/detect/val174
patch,0.7,0.1,127,123,96,107,0.3315060628016021,0.3677635173444668,0.3514000948548736,0.1340720451549408,0.155804850124934,0.3655589123867069,0.5426008968609866,0.4794706703495397,0.2031167955191474,runs/detect/val174
pothole,0.7,0.1,11,8,14,420,0.3315060628016021,0.3677635173444668,0.3514000948548736,0.1340720451549408,0.155804850124934,0.4230769230769231,0.44,0.4248776223776224,0.1576385281385281,runs/detect/val174
crack,0.7,0.11,8,12,50,368,0.3405236678785208,0.3514406473893098,0.3518790611876453,0.1340142289047349,0.1558007121330259,0.2413793103448276,0.1206896551724138,0.1653052790346907,0.046580662987294,runs/detect/val175
patch,0.7,0.11,125,112,98,103,0.3405236678785208,0.3514406473893098,0.3518790611876453,0.1340142289047349,0.1558007121330259,0.3801916932907348,0.5336322869955157,0.4812106924070329,0.204029686064573,runs/detect/val175
pothole,0.7,0.11,10,8,15,405,0.3405236678785208,0.3514406473893098,0.3518790611876453,0.1340142289047349,0.1558007121330259,0.4,0.4,0.4091212121212121,0.1514323376623376,runs/detect/val175
crack,0.7,0.12,7,9,51,352,0.350949104572293,0.3323601876191949,0.351581001446794,0.1336657841383837,0.1554573058692248,0.2608695652173913,0.1034482758620689,0.1711563709095678,0.0491193448952074,runs/detect/val176
patch,0.7,0.12,124,99,99,97,0.350949104572293,0.3323601876191949,0.351581001446794,0.1336657841383837,0.1554573058692248,0.4006734006734007,0.5336322869955157,0.4859581749327902,0.2069190860066745,runs/detect/val176
pothole,0.7,0.12,9,5,16,389,0.350949104572293,0.3323601876191949,0.351581001446794,0.1336657841383837,0.1554573058692248,0.391304347826087,0.36,0.3976284584980237,0.1449589215132693,runs/detect/val176
crack,0.7,0.13,7,5,51,340,0.3866006929087424,0.323391577753724,0.3631535158390377,0.1374309335608849,0.1600031917887001,0.3157894736842105,0.1034482758620689,0.1956897277129475,0.0544909821966547,runs/detect/val177
patch,0.7,0.13,119,87,104,93,0.3866006929087424,0.323391577753724,0.3631535158390377,0.1374309335608849,0.1600031917887001,0.4154411764705882,0.5067264573991032,0.4840305600639058,0.2074847189189004,runs/detect/val177
pothole,0.7,0.13,9,5,16,373,0.3866006929087424,0.323391577753724,0.3631535158390377,0.1374309335608849,0.1600031917887001,0.4285714285714285,0.36,0.4097402597402597,0.1503170995670995,runs/detect/val177
crack,0.7,0.14,7,5,51,331,0.4222222222222222,0.3100582444203907,0.3729530269563603,0.138410319427258,0.1618645901801682,0.3529411764705882,0.1034482758620689,0.2122858220211161,0.0597162432553686,runs/detect/val178
patch,0.7,0.14,119,79,104,92,0.4222222222222222,0.3100582444203907,0.3729530269563603,0.138410319427258,0.1618645901801682,0.4431372549019607,0.5067264573991032,0.4909086293598059,0.2107592401091658,runs/detect/val178
pothole,0.7,0.14,8,4,17,365,0.4222222222222222,0.3100582444203907,0.3729530269563603,0.138410319427258,0.1618645901801682,0.4705882352941176,0.32,0.4156646294881589,0.1447554749172396,runs/detect/val178
crack,0.7,0.15,6,4,52,316,0.4346405228758169,0.2998268130508736,0.3742394011711482,0.139549495129431,0.1630184857336027,0.3571428571428571,0.0862068965517241,0.2111678761490082,0.0596619548348988,runs/detect/val179
patch,0.7,0.15,114,64,109,91,0.4346405228758169,0.2998268130508736,0.3742394011711482,0.139549495129431,0.1630184857336027,0.4761904761904761,0.4932735426008968,0.4958856978762774,0.2142310556361545,runs/detect/val179
pothole,0.7,0.15,8,4,17,349,0.4346405228758169,0.2998268130508736,0.3742394011711482,0.139549495129431,0.1630184857336027,0.4705882352941176,0.32,0.4156646294881589,0.1447554749172396,runs/detect/val179
crack,0.7,0.16,4,4,54,310,0.4502765208647561,0.2895953816813566,0.3758979761900714,0.1412850051647835,0.1647463022673123,0.3333333333333333,0.0689655172413793,0.1956592592592592,0.0554085950988582,runs/detect/val180
patch,0.7,0.16,112,59,111,90,0.4502765208647561,0.2895953816813566,0.3758979761900714,0.1412850051647835,0.1647463022673123,0.4841628959276018,0.4798206278026906,0.4947229809992667,0.2152007493998215,runs/detect/val180
pothole,0.7,0.16,8,3,17,344,0.4502765208647561,0.2895953816813566,0.3758979761900714,0.1412850051647835,0.1647463022673123,0.5333333333333333,0.32,0.4373116883116883,0.153245670995671,runs/detect/val180
crack,0.7,0.17,3,3,55,304,0.4362877432644874,0.2705149219112417,0.3631811720648197,0.1414863291222796,0.1636558134165336,0.2727272727272727,0.0517241379310344,0.1642482093663911,0.0552418236707471,runs/detect/val181
patch,0.7,0.17,112,54,111,88,0.4362877432644874,0.2705149219112417,0.3631811720648197,0.1414863291222796,0.1636558134165336,0.4976744186046511,0.4798206278026906,0.4983022998350608,0.216786511015439,runs/detect/val181
pothole,0.7,0.17,7,2,18,338,0.4362877432644874,0.2705149219112417,0.3631811720648197,0.1414863291222796,0.1636558134165336,0.5384615384615384,0.28,0.426993006993007,0.1524306526806527,runs/detect/val181
crack,0.7,0.18,3,3,55,300,0.4612907221602874,0.2690201536003299,0.3735787227010827,0.1455722937280231,0.1683729366253291,0.3333333333333333,0.0517241379310344,0.1927848484848484,0.0660270437457279,runs/detect/val182
patch,0.7,0.18,111,50,112,88,0.4612907221602874,0.2690201536003299,0.3735787227010827,0.1455722937280231,0.1683729366253291,0.5120772946859904,0.4753363228699551,0.5009583126253927,0.2182591847576888,runs/detect/val182
pothole,0.7,0.18,7,2,18,334,0.4612907221602874,0.2690201536003299,0.3735787227010827,0.1455722937280231,0.1683729366253291,0.5384615384615384,0.28,0.426993006993007,0.1524306526806527,runs/detect/val182
crack,0.7,0.19,2,3,56,296,0.4951252920796068,0.2484449255193031,0.3776818210842653,0.1375169902189773,0.1615334733055061,0.2857142857142857,0.0344827586206896,0.166112925170068,0.0251628714643752,runs/detect/val183
patch,0.7,0.19,110,47,113,87,0.4951252920796068,0.2484449255193031,0.3776818210842653,0.1375169902189773,0.1615334733055061,0.5329949238578681,0.4708520179372197,0.5052658714160614,0.2211936547481125,runs/detect/val183
pothole,0.7,0.19,6,1,19,331,0.4951252920796068,0.2484449255193031,0.3776818210842653,0.1375169902189773,0.1615334733055061,0.6666666666666666,0.24,0.4616666666666665,0.1661944444444444,runs/detect/val183
crack,0.7,0.2,2,2,56,291,0.5177304964539008,0.2469501572083913,0.3866654653593954,0.1397896307752756,0.1644772142336875,0.3333333333333333,0.0344827586206896,0.1890761904761904,0.0286344611528822,runs/detect/val184
patch,0.7,0.2,109,42,114,86,0.5177304964539008,0.2469501572083913,0.3866654653593954,0.1397896307752756,0.1644772142336875,0.5531914893617021,0.4663677130044843,0.5092535389353294,0.2245399867285002,runs/detect/val184
pothole,0.7,0.2,6,1,19,325,0.5177304964539008,0.2469501572083913,0.3866654653593954,0.1397896307752756,0.1644772142336875,0.6666666666666666,0.24,0.4616666666666665,0.1661944444444444,runs/detect/val184
crack,0.7,0.21,2,1,56,285,0.5605671482075977,0.2291325189423225,0.3982839337705552,0.1461406398846496,0.1713549692732401,0.4,0.0344827586206896,0.2212247619047619,0.0334946867167919,runs/detect/val185
patch,0.7,0.21,107,36,116,85,0.5605671482075977,0.2291325189423225,0.3982839337705552,0.1461406398846496,0.1713549692732401,0.5674157303370787,0.452914798206278,0.5093413251211893,0.2240819948419188,runs/detect/val185
pothole,0.7,0.21,5,1,20,318,0.5605671482075977,0.2291325189423225,0.3982839337705552,0.1461406398846496,0.1713549692732401,0.7142857142857143,0.2,0.4642857142857143,0.1808452380952381,runs/detect/val185
crack,0.7,0.22,1,0,57,281,0.5963327859879585,0.2218906241946291,0.4120670985628767,0.1530118286574336,0.1789173556479779,0.5,0.0172413793103448,0.2618052631578947,0.0523610526315789,runs/detect/val186
patch,0.7,0.22,106,32,117,84,0.5963327859879585,0.2218906241946291,0.4120670985628767,0.1530118286574336,0.1789173556479779,0.5747126436781609,0.4484304932735426,0.5101103182450212,0.2258291952454837,runs/detect/val186
pothole,0.7,0.22,5,1,20,313,0.5963327859879585,0.2218906241946291,0.4120670985628767,0.1530118286574336,0.1789173556479779,0.7142857142857143,0.2,0.4642857142857143,0.1808452380952381,runs/detect/val186
crack,0.7,0.23,1,0,57,279,0.7678571428571429,0.2203958558837173,0.4952495162598778,0.1697592919804357,0.2023083144083799,1.0,0.0172413793103448,0.5086105263157894,0.1017221052631578,runs/detect/val187
patch,0.7,0.23,104,30,119,84,0.7678571428571429,0.2203958558837173,0.4952495162598778,0.1697592919804357,0.2023083144083799,0.5892857142857143,0.4439461883408072,0.5128523081781297,0.2267105325829112,runs/detect/val187
pothole,0.7,0.23,5,1,20,311,0.7678571428571429,0.2203958558837173,0.4952495162598778,0.1697592919804357,0.2023083144083799,0.7142857142857143,0.2,0.4642857142857143,0.1808452380952381,runs/detect/val187
crack,0.7,0.24,0,0,58,275,0.4385171790235081,0.2086696562032885,0.3250536473878771,0.1353201561314012,0.1542935052570488,0.0,0.0,0.0,0.0,runs/detect/val188
patch,0.7,0.24,100,26,123,84,0.4385171790235081,0.2086696562032885,0.3250536473878771,0.1353201561314012,0.1542935052570488,0.6012658227848101,0.4260089686098655,0.510875227877917,0.2251152302989655,runs/detect/val188
pothole,0.7,0.24,5,1,20,307,0.4385171790235081,0.2086696562032885,0.3250536473878771,0.1353201561314012,0.1542935052570488,0.7142857142857143,0.2,0.4642857142857143,0.1808452380952381,runs/detect/val188
crack,0.7,0.25,0,0,58,272,0.4433932513402712,0.2056801195814649,0.3255693518487228,0.1362572077538989,0.1551884221633813,0.0,0.0,0.0,0.0,runs/detect/val189
patch,0.7,0.25,97,23,126,84,0.4433932513402712,0.2056801195814649,0.3255693518487228,0.1362572077538989,0.1551884221633813,0.6158940397350994,0.4170403587443946,0.512422341260454,0.2279263851664587,runs/detect/val189
pothole,0.7,0.25,5,1,20,304,0.4433932513402712,0.2056801195814649,0.3255693518487228,0.1362572077538989,0.1551884221633813,0.7142857142857143,0.2,0.4642857142857143,0.1808452380952381,runs/detect/val189
crack,0.7,0.26,0,0,58,268,0.4478854478854479,0.2011958146487294,0.3255022103323271,0.1372003896684878,0.1560305717348718,0.0,0.0,0.0,0.0,runs/detect/val190
patch,0.7,0.26,93,19,130,84,0.4478854478854479,0.2011958146487294,0.3255022103323271,0.1372003896684878,0.1560305717348718,0.6293706293706294,0.4035874439461883,0.512220916711267,0.2307559309102256,runs/detect/val190
pothole,0.7,0.26,5,1,20,300,0.4478854478854479,0.2011958146487294,0.3255022103323271,0.1372003896684878,0.1560305717348718,0.7142857142857143,0.2,0.4642857142857143,0.1808452380952381,runs/detect/val190
crack,0.7,0.27,0,0,58,265,0.4522071602363573,0.1982062780269058,0.3258675920685885,0.1378824832882113,0.1566809941662491,0.0,0.0,0.0,0.0,runs/detect/val191
patch,0.7,0.27,90,16,133,84,0.4522071602363573,0.1982062780269058,0.3258675920685885,0.1378824832882113,0.1566809941662491,0.6423357664233577,0.3946188340807174,0.5133170619200514,0.2328022117693959,runs/detect/val191
pothole,0.7,0.27,5,1,20,297,0.4522071602363573,0.1982062780269058,0.3258675920685885,0.1378824832882113,0.1566809941662491,0.7142857142857143,0.2,0.4642857142857143,0.1808452380952381,runs/detect/val191
crack,0.7,0.28,0,0,58,262,0.4569247546346783,0.1952167414050822,0.3263203291967244,0.1381522876536282,0.1569690918079378,0.0,0.0,0.0,0.0,runs/detect/val192
patch,0.7,0.28,88,14,135,83,0.4569247546346783,0.1952167414050822,0.3263203291967244,0.1381522876536282,0.1569690918079378,0.6564885496183206,0.3856502242152466,0.5146752733044588,0.2336116248656465,runs/detect/val192
pothole,0.7,0.28,5,0,20,295,0.4569247546346783,0.1952167414050822,0.3263203291967244,0.1381522876536282,0.1569690918079378,0.7142857142857143,0.2,0.4642857142857143,0.1808452380952381,runs/detect/val192
crack,0.7,0.29,0,0,58,261,0.45856767904012,0.1922272047832585,0.3258542821060426,0.138286162450686,0.1570429744162216,0.0,0.0,0.0,0.0,runs/detect/val193
patch,0.7,0.29,86,13,137,83,0.45856767904012,0.1922272047832585,0.3258542821060426,0.138286162450686,0.1570429744162216,0.6614173228346457,0.3766816143497757,0.5132771320324138,0.2340132492568198,runs/detect/val193
pothole,0.7,0.29,5,0,20,294,0.45856767904012,0.1922272047832585,0.3258542821060426,0.138286162450686,0.1570429744162216,0.7142857142857143,0.2,0.4642857142857143,0.1808452380952381,runs/detect/val193
crack,0.7,0.3,0,0,58,260,0.4603174603174603,0.1862481315396113,0.3243936332228816,0.1384472032133815,0.1570418462143316,0.0,0.0,0.0,0.0,runs/detect/val194
patch,0.7,0.3,82,12,141,83,0.4603174603174603,0.1862481315396113,0.3243936332228816,0.1384472032133815,0.1570418462143316,0.6666666666666666,0.358744394618834,0.5088951853829308,0.2344963715449067,runs/detect/val194
pothole,0.7,0.3,5,0,20,293,0.4603174603174603,0.1862481315396113,0.3243936332228816,0.1384472032133815,0.1570418462143316,0.7142857142857143,0.2,0.4642857142857143,0.1808452380952381,runs/detect/val194
crack,0.7,0.31,0,0,58,260,0.4583850931677018,0.1802690582959641,0.3217630559934414,0.1385831892761843,0.15690117594791,0.0,0.0,0.0,0.0,runs/detect/val195
patch,0.7,0.31,78,12,145,83,0.4583850931677018,0.1802690582959641,0.3217630559934414,0.1385831892761843,0.15690117594791,0.6608695652173913,0.3408071748878923,0.50100345369461,0.2349043297333149,runs/detect/val195
pothole,0.7,0.31,5,0,20,293,0.4583850931677018,0.1802690582959641,0.3217630559934414,0.1385831892761843,0.15690117594791,0.7142857142857143,0.2,0.4642857142857143,0.1808452380952381,runs/detect/val195
crack,0.7,0.32,0,0,58,260,0.4583850931677018,0.1802690582959641,0.3217630559934414,0.1385831892761843,0.15690117594791,0.0,0.0,0.0,0.0,runs/detect/val196
patch,0.7,0.32,78,12,145,83,0.4583850931677018,0.1802690582959641,0.3217630559934414,0.1385831892761843,0.15690117594791,0.6608695652173913,0.3408071748878923,0.50100345369461,0.2349043297333149,runs/detect/val196
pothole,0.7,0.32,5,0,20,293,0.4583850931677018,0.1802690582959641,0.3217630559934414,0.1385831892761843,0.15690117594791,0.7142857142857143,0.2,0.4642857142857143,0.1808452380952381,runs/detect/val196
crack,0.7,0.33,0,0,58,256,0.4683982683982684,0.1802690582959641,0.3250213227784163,0.1404138630824889,0.1588746090520816,0.0,0.0,0.0,0.0,runs/detect/val197
patch,0.7,0.33,78,8,145,83,0.4683982683982684,0.1802690582959641,0.3250213227784163,0.1404138630824889,0.1588746090520816,0.6909090909090909,0.3408071748878923,0.5107782540495346,0.2403963511522286,runs/detect/val197
pothole,0.7,0.33,5,0,20,289,0.4683982683982684,0.1802690582959641,0.3250213227784163,0.1404138630824889,0.1588746090520816,0.7142857142857143,0.2,0.4642857142857143,0.1808452380952381,runs/detect/val197
crack,0.7,0.34,0,0,58,254,0.5190476190476191,0.1802690582959641,0.3446613292571983,0.1491649185211399,0.1687145595947458,0.0,0.0,0.0,0.0,runs/detect/val198
patch,0.7,0.34,78,6,145,83,0.5190476190476191,0.1802690582959641,0.3446613292571983,0.1491649185211399,0.1687145595947458,0.7238095238095238,0.3408071748878923,0.5214839877715948,0.2464114222300865,runs/detect/val198
pothole,0.7,0.34,5,0,20,287,0.5190476190476191,0.1802690582959641,0.3446613292571983,0.1491649185211399,0.1687145595947458,0.8333333333333334,0.2,0.5125,0.2010833333333333,runs/detect/val198
crack,0.7,0.35,0,0,58,252,0.5217640320733105,0.172795216741405,0.3428541341576251,0.1482618649033349,0.167721091828764,0.0,0.0,0.0,0.0,runs/detect/val199
patch,0.7,0.35,73,4,150,83,0.5217640320733105,0.172795216741405,0.3428541341576251,0.1482618649033349,0.167721091828764,0.7319587628865979,0.3183856502242152,0.5160624024728755,0.2437022613766715,runs/detect/val199
pothole,0.7,0.35,5,0,20,285,0.5217640320733105,0.172795216741405,0.3428541341576251,0.1482618649033349,0.167721091828764,0.8333333333333334,0.2,0.5125,0.2010833333333333,runs/detect/val199
crack,0.7,0.36,0,0,58,252,0.5243055555555556,0.172795216741405,0.3437288830667859,0.1487375773754707,0.1682367079446022,0.0,0.0,0.0,0.0,runs/detect/val200
patch,0.7,0.36,73,4,150,83,0.5243055555555556,0.172795216741405,0.3437288830667859,0.1487375773754707,0.1682367079446022,0.7395833333333334,0.3183856502242152,0.518686649200358,0.2451293987930788,runs/detect/val200
pothole,0.7,0.36,5,0,20,285,0.5243055555555556,0.172795216741405,0.3437288830667859,0.1487375773754707,0.1682367079446022,0.8333333333333334,0.2,0.5125,0.2010833333333333,runs/detect/val200
crack,0.7,0.37,0,0,58,252,0.5241545893719807,0.1683109118086696,0.3420146772450276,0.148946714109914,0.1682535104234253,0.0,0.0,0.0,0.0,runs/detect/val201
patch,0.7,0.37,70,4,153,83,0.5241545893719807,0.1683109118086696,0.3420146772450276,0.148946714109914,0.1682535104234253,0.7391304347826086,0.3049327354260089,0.5135440317350829,0.2457568089964087,runs/detect/val201
pothole,0.7,0.37,5,0,20,285,0.5241545893719807,0.1683109118086696,0.3420146772450276,0.148946714109914,0.1682535104234253,0.8333333333333334,0.2,0.5125,0.2010833333333333,runs/detect/val201
crack,0.7,0.38,0,0,58,252,0.5249687890137329,0.165321375186846,0.3411974507312076,0.1486716478622554,0.1679242281491506,0.0,0.0,0.0,0.0,runs/detect/val202
patch,0.7,0.38,68,4,155,83,0.5249687890137329,0.165321375186846,0.3411974507312076,0.1486716478622554,0.1679242281491506,0.7415730337078652,0.2959641255605381,0.5110923521936229,0.2449316102534329,runs/detect/val202
pothole,0.7,0.38,5,0,20,285,0.5249687890137329,0.165321375186846,0.3411974507312076,0.1486716478622554,0.1679242281491506,0.8333333333333334,0.2,0.5125,0.2010833333333333,runs/detect/val202
crack,0.7,0.39,0,0,58,252,0.5209150326797386,0.1593423019431988,0.3375064279499426,0.1459572734295023,0.1651121888815463,0.0,0.0,0.0,0.0,runs/detect/val203
patch,0.7,0.39,64,4,159,83,0.5209150326797386,0.1593423019431988,0.3375064279499426,0.1459572734295023,0.1651121888815463,0.7294117647058823,0.2780269058295964,0.5000192838498277,0.2367884869551737,runs/detect/val203
pothole,0.7,0.39,5,0,20,285,0.5209150326797386,0.1593423019431988,0.3375064279499426,0.1459572734295023,0.1651121888815463,0.8333333333333334,0.2,0.5125,0.2010833333333333,runs/detect/val203
crack,0.7,0.4,0,0,58,252,0.5227576974564926,0.157847533632287,0.3376267100412437,0.1458972898538069,0.1650702318725506,0.0,0.0,0.0,0.0,runs/detect/val204
patch,0.7,0.4,63,4,160,83,0.5227576974564926,0.157847533632287,0.3376267100412437,0.1458972898538069,0.1650702318725506,0.7349397590361446,0.273542600896861,0.5003801301237312,0.2366085362280874,runs/detect/val204
pothole,0.7,0.4,5,0,20,285,0.5227576974564926,0.157847533632287,0.3376267100412437,0.1458972898538069,0.1650702318725506,0.8333333333333334,0.2,0.5125,0.2010833333333333,runs/detect/val204
crack,0.7,0.41,0,0,58,252,0.4935897435897436,0.1252017937219731,0.3101890538295719,0.1264486649498311,0.1448227038378052,0.0,0.0,0.0,0.0,runs/detect/val205
patch,0.7,0.41,58,4,165,83,0.4935897435897436,0.1252017937219731,0.3101890538295719,0.1264486649498311,0.1448227038378052,0.7307692307692307,0.2556053811659193,0.4918171614887159,0.2315959948494935,runs/detect/val205
pothole,0.7,0.41,3,0,22,285,0.4935897435897436,0.1252017937219731,0.3101890538295719,0.1264486649498311,0.1448227038378052,0.75,0.12,0.43875,0.14775,runs/detect/val205
crack,0.7,0.42,0,0,58,252,0.4912280701754386,0.1222122571001494,0.3082037154982245,0.1257395917714294,0.1439860041441089,0.0,0.0,0.0,0.0,runs/detect/val206
patch,0.7,0.42,56,4,167,83,0.4912280701754386,0.1222122571001494,0.3082037154982245,0.1257395917714294,0.1439860041441089,0.7236842105263158,0.2466367713004484,0.4858611464946737,0.2294687753142884,runs/detect/val206
pothole,0.7,0.42,3,0,22,285,0.4912280701754386,0.1222122571001494,0.3082037154982245,0.1257395917714294,0.1439860041441089,0.75,0.12,0.43875,0.14775,runs/detect/val206
crack,0.7,0.43,0,0,58,252,0.4642313546423136,0.1058893871449925,0.2894736785496551,0.1217529891176635,0.1385250580608626,0.0,0.0,0.0,0.0,runs/detect/val207
patch,0.7,0.43,54,4,169,83,0.4642313546423136,0.1058893871449925,0.2894736785496551,0.1217529891176635,0.1385250580608626,0.726027397260274,0.2376681614349775,0.4834210356489655,0.2292589673529905,runs/detect/val207
pothole,0.7,0.43,2,0,23,285,0.4642313546423136,0.1058893871449925,0.2894736785496551,0.1217529891176635,0.1385250580608626,0.6666666666666666,0.08,0.43875,0.14775,runs/detect/val207
crack,0.7,0.44,0,0,58,251,0.4685990338164251,0.1028998505231689,0.2900218504440076,0.1216846660659176,0.1385183845037266,0.0,0.0,0.0,0.0,runs/detect/val208
patch,0.7,0.44,51,3,172,83,0.4685990338164251,0.1028998505231689,0.2900218504440076,0.1216846660659176,0.1385183845037266,0.7391304347826086,0.2286995515695067,0.4850655513320227,0.2290539981977529,runs/detect/val208
pothole,0.7,0.44,2,0,23,284,0.4685990338164251,0.1028998505231689,0.2900218504440076,0.1216846660659176,0.1385183845037266,0.6666666666666666,0.08,0.43875,0.14775,runs/detect/val208
crack,0.7,0.45,0,0,58,251,0.4709784411276949,0.1014050822122571,0.2903884202823266,0.1221812847496647,0.1390019983029309,0.0,0.0,0.0,0.0,runs/detect/val209
patch,0.7,0.45,50,3,173,83,0.4709784411276949,0.1014050822122571,0.2903884202823266,0.1221812847496647,0.1390019983029309,0.746268656716418,0.2242152466367713,0.4861652608469797,0.2305438542489943,runs/detect/val209
pothole,0.7,0.45,2,0,23,284,0.4709784411276949,0.1014050822122571,0.2903884202823266,0.1221812847496647,0.1390019983029309,0.6666666666666666,0.08,0.43875,0.14775,runs/detect/val209
crack,0.7,0.46,0,0,58,251,0.4786324786324786,0.1014050822122571,0.2933512362602404,0.1237336243357495,0.1406953855281986,0.0,0.0,0.0,0.0,runs/detect/val210
patch,0.7,0.46,50,3,173,83,0.4786324786324786,0.1014050822122571,0.2933512362602404,0.1237336243357495,0.1406953855281986,0.7692307692307693,0.2242152466367713,0.4950537087807214,0.2352008730072485,runs/detect/val210
pothole,0.7,0.46,2,0,23,284,0.4786324786324786,0.1014050822122571,0.2933512362602404,0.1237336243357495,0.1406953855281986,0.6666666666666666,0.08,0.43875,0.14775,runs/detect/val210
crack,0.7,0.47,0,0,58,251,0.485663082437276,0.0999103139013452,0.2955560557589737,0.1246698638839572,0.1417584830714589,0.0,0.0,0.0,0.0,runs/detect/val211
patch,0.7,0.47,49,3,174,83,0.485663082437276,0.0999103139013452,0.2955560557589737,0.1246698638839572,0.1417584830714589,0.7903225806451613,0.2197309417040358,0.5016681672769211,0.2380095916518718,runs/detect/val211
pothole,0.7,0.47,2,0,23,284,0.485663082437276,0.0999103139013452,0.2955560557589737,0.1246698638839572,0.1417584830714589,0.6666666666666666,0.08,0.43875,0.14775,runs/detect/val211
crack,0.7,0.48,0,0,58,251,0.5932203389830509,0.0954260089686098,0.3440295574340291,0.143004782799322,0.1631072602627928,0.0,0.0,0.0,0.0,runs/detect/val212
patch,0.7,0.48,46,3,177,83,0.5932203389830509,0.0954260089686098,0.3440295574340291,0.143004782799322,0.1631072602627928,0.7796610169491526,0.2062780269058296,0.4920886723020874,0.2377643483979662,runs/detect/val212
pothole,0.7,0.48,2,0,23,284,0.5932203389830509,0.0954260089686098,0.3440295574340291,0.143004782799322,0.1631072602627928,1.0,0.08,0.54,0.19125,runs/detect/val212
crack,0.7,0.49,0,0,58,251,0.6037735849056604,0.0909417040358744,0.34648536487952,0.1457934051969092,0.1658626011651703,0.0,0.0,0.0,0.0,runs/detect/val213
patch,0.7,0.49,43,3,180,83,0.6037735849056604,0.0909417040358744,0.34648536487952,0.1457934051969092,0.1658626011651703,0.8113207547169812,0.1928251121076233,0.4994560946385599,0.2461302155907277,runs/detect/val213
pothole,0.7,0.49,2,0,23,284,0.6037735849056604,0.0909417040358744,0.34648536487952,0.1457934051969092,0.1658626011651703,1.0,0.08,0.54,0.19125,runs/detect/val213
crack,0.7,0.5,0,0,58,251,0.6078431372549019,0.0761136023916293,0.3408265180016352,0.1703452417816794,0.187393369403675,0.0,0.0,0.0,0.0,runs/detect/val214
patch,0.7,0.5,42,3,181,83,0.6078431372549019,0.0761136023916293,0.3408265180016352,0.1703452417816794,0.187393369403675,0.8235294117647058,0.1883408071748878,0.5024795540049058,0.2510357253450385,runs/detect/val214
pothole,0.7,0.5,1,0,24,284,0.6078431372549019,0.0761136023916293,0.3408265180016352,0.1703452417816794,0.187393369403675,1.0,0.04,0.5199999999999999,0.2599999999999999,runs/detect/val214
crack,0.7,0.51,0,0,58,251,0.2777777777777778,0.0597907324364723,0.1675747091238308,0.0829440344168156,0.0914071018875171,0.0,0.0,0.0,0.0,runs/detect/val215
patch,0.7,0.51,40,3,183,83,0.2777777777777778,0.0597907324364723,0.1675747091238308,0.0829440344168156,0.0914071018875171,0.8333333333333334,0.179372197309417,0.5027241273714925,0.2488321032504468,runs/detect/val215
pothole,0.7,0.51,0,0,25,284,0.2777777777777778,0.0597907324364723,0.1675747091238308,0.0829440344168156,0.0914071018875171,0.0,0.0,0.0,0.0,runs/detect/val215
crack,0.7,0.52,0,0,58,249,0.2803030303030303,0.0553064275037369,0.1667216023910704,0.0824669371245456,0.090892403651198,0.0,0.0,0.0,0.0,runs/detect/val216
patch,0.7,0.52,37,1,186,83,0.2803030303030303,0.0553064275037369,0.1667216023910704,0.0824669371245456,0.090892403651198,0.8409090909090909,0.1659192825112107,0.5001648071732114,0.2474008113736367,runs/detect/val216
pothole,0.7,0.52,0,0,25,282,0.2803030303030303,0.0553064275037369,0.1667216023910704,0.0824669371245456,0.090892403651198,0.0,0.0,0.0,0.0,runs/detect/val216
crack,0.7,0.53,0,0,58,249,0.2926829268292683,0.0538116591928251,0.1712415736475796,0.0849763880091147,0.0936029065729612,0.0,0.0,0.0,0.0,runs/detect/val217
patch,0.7,0.53,36,1,187,83,0.2926829268292683,0.0538116591928251,0.1712415736475796,0.0849763880091147,0.0936029065729612,0.8780487804878049,0.1614349775784753,0.513724720942739,0.2549291640273443,runs/detect/val217
pothole,0.7,0.53,0,0,25,282,0.2926829268292683,0.0538116591928251,0.1712415736475796,0.0849763880091147,0.0936029065729612,0.0,0.0,0.0,0.0,runs/detect/val217
crack,0.7,0.54,0,0,58,249,0.2905982905982906,0.0508221225710014,0.1690082429277831,0.0831773937842701,0.0917604786986214,0.0,0.0,0.0,0.0,runs/detect/val218
patch,0.7,0.54,34,1,189,83,0.2905982905982906,0.0508221225710014,0.1690082429277831,0.0831773937842701,0.0917604786986214,0.8717948717948718,0.1524663677130044,0.5070247287833494,0.2495321813528105,runs/detect/val218
pothole,0.7,0.54,0,0,25,282,0.2905982905982906,0.0508221225710014,0.1690082429277831,0.0831773937842701,0.0917604786986214,0.0,0.0,0.0,0.0,runs/detect/val218
crack,0.7,0.55,0,0,58,249,0.287037037037037,0.046337817638266,0.1655078604639892,0.081640606088043,0.0900273315256376,0.0,0.0,0.0,0.0,runs/detect/val219
patch,0.7,0.55,31,1,192,83,0.287037037037037,0.046337817638266,0.1655078604639892,0.081640606088043,0.0900273315256376,0.8611111111111112,0.1390134529147982,0.4965235813919676,0.2449218182641291,runs/detect/val219
pothole,0.7,0.55,0,0,25,282,0.287037037037037,0.046337817638266,0.1655078604639892,0.081640606088043,0.0900273315256376,0.0,0.0,0.0,0.0,runs/detect/val219
crack,0.7,0.56,0,0,58,248,0.2916666666666667,0.0418535127055306,0.1654835190097259,0.0844987129551191,0.0925971935605798,0.0,0.0,0.0,0.0,runs/detect/val220
patch,0.7,0.56,28,0,195,83,0.2916666666666667,0.0418535127055306,0.1654835190097259,0.0844987129551191,0.0925971935605798,0.8611111111111112,0.1255605381165919,0.4964505570291777,0.2534961388653575,runs/detect/val220
pothole,0.7,0.56,0,0,25,281,0.2916666666666667,0.0418535127055306,0.1654835190097259,0.0844987129551191,0.0925971935605798,0.0,0.0,0.0,0.0,runs/detect/val220
crack,0.7,0.57,0,0,58,248,0.2976190476190476,0.0373692077727952,0.1660251322751322,0.0829751965568811,0.0912801901287062,0.0,0.0,0.0,0.0,runs/detect/val221
patch,0.7,0.57,25,0,198,83,0.2976190476190476,0.0373692077727952,0.1660251322751322,0.0829751965568811,0.0912801901287062,0.8928571428571429,0.1121076233183856,0.4980753968253968,0.2489255896706434,runs/detect/val221
pothole,0.7,0.57,0,0,25,281,0.2976190476190476,0.0373692077727952,0.1660251322751322,0.0829751965568811,0.0912801901287062,0.0,0.0,0.0,0.0,runs/detect/val221
crack,0.7,0.58,0,0,58,248,0.2948717948717949,0.0343796711509716,0.163215673076923,0.0843709755797418,0.0922554453294599,0.0,0.0,0.0,0.0,runs/detect/val222
patch,0.7,0.58,23,0,200,83,0.2948717948717949,0.0343796711509716,0.163215673076923,0.0843709755797418,0.0922554453294599,0.8846153846153846,0.1031390134529148,0.4896470192307692,0.2531129267392256,runs/detect/val222
pothole,0.7,0.58,0,0,25,281,0.2948717948717949,0.0343796711509716,0.163215673076923,0.0843709755797418,0.0922554453294599,0.0,0.0,0.0,0.0,runs/detect/val222
crack,0.7,0.59,0,0,58,248,0.2948717948717949,0.0343796711509716,0.163215673076923,0.0843709755797418,0.0922554453294599,0.0,0.0,0.0,0.0,runs/detect/val223
patch,0.7,0.59,23,0,200,83,0.2948717948717949,0.0343796711509716,0.163215673076923,0.0843709755797418,0.0922554453294599,0.8846153846153846,0.1031390134529148,0.4896470192307692,0.2531129267392256,runs/detect/val223
pothole,0.7,0.59,0,0,25,281,0.2948717948717949,0.0343796711509716,0.163215673076923,0.0843709755797418,0.0922554453294599,0.0,0.0,0.0,0.0,runs/detect/val223
crack,0.7,0.6,0,0,58,248,0.2933333333333333,0.0328849028400597,0.1617341293532338,0.0845110928600648,0.0922333965093817,0.0,0.0,0.0,0.0,runs/detect/val224
patch,0.7,0.6,22,0,201,83,0.2933333333333333,0.0328849028400597,0.1617341293532338,0.0845110928600648,0.0922333965093817,0.88,0.0986547085201793,0.4852023880597015,0.2535332785801946,runs/detect/val224
pothole,0.7,0.6,0,0,25,281,0.2933333333333333,0.0328849028400597,0.1617341293532338,0.0845110928600648,0.0922333965093817,0.0,0.0,0.0,0.0,runs/detect/val224
crack,0.7,0.61,0,0,58,248,0.2878787878787879,0.0284005979073243,0.1568811794414735,0.0805553817674831,0.0881879615348822,0.0,0.0,0.0,0.0,runs/detect/val225
patch,0.7,0.61,19,0,204,83,0.2878787878787879,0.0284005979073243,0.1568811794414735,0.0805553817674831,0.0881879615348822,0.8636363636363636,0.085201793721973,0.4706435383244207,0.2416661453024494,runs/detect/val225
pothole,0.7,0.61,0,0,25,281,0.2878787878787879,0.0284005979073243,0.1568811794414735,0.0805553817674831,0.0881879615348822,0.0,0.0,0.0,0.0,runs/detect/val225
crack,0.7,0.62,0,0,58,248,0.2878787878787879,0.0284005979073243,0.1568811794414735,0.0805553817674831,0.0881879615348822,0.0,0.0,0.0,0.0,runs/detect/val226
patch,0.7,0.62,19,0,204,83,0.2878787878787879,0.0284005979073243,0.1568811794414735,0.0805553817674831,0.0881879615348822,0.8636363636363636,0.085201793721973,0.4706435383244207,0.2416661453024494,runs/detect/val226
pothole,0.7,0.62,0,0,25,281,0.2878787878787879,0.0284005979073243,0.1568811794414735,0.0805553817674831,0.0881879615348822,0.0,0.0,0.0,0.0,runs/detect/val226
crack,0.7,0.63,0,0,58,248,0.2833333333333333,0.0254110612855007,0.1532365765141008,0.0790034449380428,0.0864267580956486,0.0,0.0,0.0,0.0,runs/detect/val227
patch,0.7,0.63,17,0,206,83,0.2833333333333333,0.0254110612855007,0.1532365765141008,0.0790034449380428,0.0864267580956486,0.85,0.0762331838565022,0.4597097295423024,0.2370103348141283,runs/detect/val227
pothole,0.7,0.63,0,0,25,281,0.2833333333333333,0.0254110612855007,0.1532365765141008,0.0790034449380428,0.0864267580956486,0.0,0.0,0.0,0.0,runs/detect/val227
crack,0.7,0.64,0,0,58,248,0.2833333333333333,0.0254110612855007,0.1532365765141008,0.0790034449380428,0.0864267580956486,0.0,0.0,0.0,0.0,runs/detect/val228
patch,0.7,0.64,17,0,206,83,0.2833333333333333,0.0254110612855007,0.1532365765141008,0.0790034449380428,0.0864267580956486,0.85,0.0762331838565022,0.4597097295423024,0.2370103348141283,runs/detect/val228
pothole,0.7,0.64,0,0,25,281,0.2833333333333333,0.0254110612855007,0.1532365765141008,0.0790034449380428,0.0864267580956486,0.0,0.0,0.0,0.0,runs/detect/val228
crack,0.7,0.65,0,0,58,248,0.2807017543859649,0.0239162929745889,0.1512583124477861,0.0781552266511322,0.0854655352307976,0.0,0.0,0.0,0.0,runs/detect/val229
patch,0.7,0.65,16,0,207,83,0.2807017543859649,0.0239162929745889,0.1512583124477861,0.0781552266511322,0.0854655352307976,0.8421052631578947,0.0717488789237668,0.4537749373433585,0.2344656799533968,runs/detect/val229
pothole,0.7,0.65,0,0,25,281,0.2807017543859649,0.0239162929745889,0.1512583124477861,0.0781552266511322,0.0854655352307976,0.0,0.0,0.0,0.0,runs/detect/val229
crack,0.7,0.66,0,0,58,248,0.2745098039215686,0.0209267563527653,0.1468632597536622,0.0734121005368685,0.0807572164585478,0.0,0.0,0.0,0.0,runs/detect/val230
patch,0.7,0.66,14,0,209,83,0.2745098039215686,0.0209267563527653,0.1468632597536622,0.0734121005368685,0.0807572164585478,0.8235294117647058,0.0627802690582959,0.4405897792609867,0.2202363016106055,runs/detect/val230
pothole,0.7,0.66,0,0,25,281,0.2745098039215686,0.0209267563527653,0.1468632597536622,0.0734121005368685,0.0807572164585478,0.0,0.0,0.0,0.0,runs/detect/val230
crack,0.7,0.67,0,0,58,248,0.2666666666666666,0.0179372197309417,0.1416953735048522,0.0710033286574952,0.0780725331422309,0.0,0.0,0.0,0.0,runs/detect/val231
patch,0.7,0.67,12,0,211,83,0.2666666666666666,0.0179372197309417,0.1416953735048522,0.0710033286574952,0.0780725331422309,0.8,0.0538116591928251,0.4250861205145566,0.2130099859724856,runs/detect/val231
pothole,0.7,0.67,0,0,25,281,0.2666666666666666,0.0179372197309417,0.1416953735048522,0.0710033286574952,0.0780725331422309,0.0,0.0,0.0,0.0,runs/detect/val231
crack,0.7,0.68,0,0,58,248,0.2333333333333333,0.0104633781763826,0.1226104761904762,0.0682441953999553,0.0736808234790074,0.0,0.0,0.0,0.0,runs/detect/val232
patch,0.7,0.68,7,0,216,83,0.2333333333333333,0.0104633781763826,0.1226104761904762,0.0682441953999553,0.0736808234790074,0.7,0.0313901345291479,0.3678314285714286,0.2047325861998661,runs/detect/val232
pothole,0.7,0.68,0,0,25,281,0.2333333333333333,0.0104633781763826,0.1226104761904762,0.0682441953999553,0.0736808234790074,0.0,0.0,0.0,0.0,runs/detect/val232
crack,0.7,0.69,0,0,58,248,0.2592592592592592,0.0104633781763826,0.1350727807172251,0.0752529566760233,0.0812349390801435,0.0,0.0,0.0,0.0,runs/detect/val233
patch,0.7,0.69,7,0,216,83,0.2592592592592592,0.0104633781763826,0.1350727807172251,0.0752529566760233,0.0812349390801435,0.7777777777777778,0.0313901345291479,0.4052183421516754,0.2257588700280699,runs/detect/val233
pothole,0.7,0.69,0,0,25,281,0.2592592592592592,0.0104633781763826,0.1350727807172251,0.0752529566760233,0.0812349390801435,0.0,0.0,0.0,0.0,runs/detect/val233
crack,0.7,0.7,0,0,58,248,0.2592592592592592,0.0104633781763826,0.1350727807172251,0.0752529566760233,0.0812349390801435,0.0,0.0,0.0,0.0,runs/detect/val234
patch,0.7,0.7,7,0,216,83,0.2592592592592592,0.0104633781763826,0.1350727807172251,0.0752529566760233,0.0812349390801435,0.7777777777777778,0.0313901345291479,0.4052183421516754,0.2257588700280699,runs/detect/val234
pothole,0.7,0.7,0,0,25,281,0.2592592592592592,0.0104633781763826,0.1350727807172251,0.0752529566760233,0.0812349390801435,0.0,0.0,0.0,0.0,runs/detect/val234
crack,0.7,0.71,0,0,58,248,0.2592592592592592,0.0104633781763826,0.1350727807172251,0.0752529566760233,0.0812349390801435,0.0,0.0,0.0,0.0,runs/detect/val235
patch,0.7,0.71,7,0,216,83,0.2592592592592592,0.0104633781763826,0.1350727807172251,0.0752529566760233,0.0812349390801435,0.7777777777777778,0.0313901345291479,0.4052183421516754,0.2257588700280699,runs/detect/val235
pothole,0.7,0.71,0,0,25,281,0.2592592592592592,0.0104633781763826,0.1350727807172251,0.0752529566760233,0.0812349390801435,0.0,0.0,0.0,0.0,runs/detect/val235
crack,0.7,0.72,0,0,58,248,0.2857142857142857,0.0089686098654708,0.1474119815668202,0.0811816047834439,0.0878046424617815,0.0,0.0,0.0,0.0,runs/detect/val236
patch,0.7,0.72,6,0,217,83,0.2857142857142857,0.0089686098654708,0.1474119815668202,0.0811816047834439,0.0878046424617815,0.8571428571428571,0.0269058295964125,0.4422359447004608,0.2435448143503317,runs/detect/val236
pothole,0.7,0.72,0,0,25,281,0.2857142857142857,0.0089686098654708,0.1474119815668202,0.0811816047834439,0.0878046424617815,0.0,0.0,0.0,0.0,runs/detect/val236
crack,0.7,0.73,0,0,58,248,0.2777777777777778,0.007473841554559,0.1428337155963303,0.0800880051515635,0.0863625761960402,0.0,0.0,0.0,0.0,runs/detect/val237
patch,0.7,0.73,5,0,218,83,0.2777777777777778,0.007473841554559,0.1428337155963303,0.0800880051515635,0.0863625761960402,0.8333333333333334,0.0224215246636771,0.4285011467889908,0.2402640154546906,runs/detect/val237
pothole,0.7,0.73,0,0,25,281,0.2777777777777778,0.007473841554559,0.1428337155963303,0.0800880051515635,0.0863625761960402,0.0,0.0,0.0,0.0,runs/detect/val237
crack,0.7,0.74,0,0,58,248,0.2777777777777778,0.007473841554559,0.1428337155963303,0.0800880051515635,0.0863625761960402,0.0,0.0,0.0,0.0,runs/detect/val238
patch,0.7,0.74,5,0,218,83,0.2777777777777778,0.007473841554559,0.1428337155963303,0.0800880051515635,0.0863625761960402,0.8333333333333334,0.0224215246636771,0.4285011467889908,0.2402640154546906,runs/detect/val238
pothole,0.7,0.74,0,0,25,281,0.2777777777777778,0.007473841554559,0.1428337155963303,0.0800880051515635,0.0863625761960402,0.0,0.0,0.0,0.0,runs/detect/val238
crack,0.7,0.75,0,0,58,248,0.2777777777777778,0.007473841554559,0.1428337155963303,0.0800880051515635,0.0863625761960402,0.0,0.0,0.0,0.0,runs/detect/val239
patch,0.7,0.75,5,0,218,83,0.2777777777777778,0.007473841554559,0.1428337155963303,0.0800880051515635,0.0863625761960402,0.8333333333333334,0.0224215246636771,0.4285011467889908,0.2402640154546906,runs/detect/val239
pothole,0.7,0.75,0,0,25,281,0.2777777777777778,0.007473841554559,0.1428337155963303,0.0800880051515635,0.0863625761960402,0.0,0.0,0.0,0.0,runs/detect/val239
crack,0.7,0.76,0,0,58,248,0.3333333333333333,0.0059790732436472,0.1696534246575342,0.0935189669074718,0.1011324126824781,0.0,0.0,0.0,0.0,runs/detect/val240
patch,0.7,0.76,4,0,219,83,0.3333333333333333,0.0059790732436472,0.1696534246575342,0.0935189669074718,0.1011324126824781,1.0,0.0179372197309417,0.5089602739726028,0.2805569007224155,runs/detect/val240
pothole,0.7,0.76,0,0,25,281,0.3333333333333333,0.0059790732436472,0.1696534246575342,0.0935189669074718,0.1011324126824781,0.0,0.0,0.0,0.0,runs/detect/val240
crack,0.7,0.77,0,0,58,248,0.3333333333333333,0.0059790732436472,0.1696534246575342,0.0935189669074718,0.1011324126824781,0.0,0.0,0.0,0.0,runs/detect/val241
patch,0.7,0.77,4,0,219,83,0.3333333333333333,0.0059790732436472,0.1696534246575342,0.0935189669074718,0.1011324126824781,1.0,0.0179372197309417,0.5089602739726028,0.2805569007224155,runs/detect/val241
pothole,0.7,0.77,0,0,25,281,0.3333333333333333,0.0059790732436472,0.1696534246575342,0.0935189669074718,0.1011324126824781,0.0,0.0,0.0,0.0,runs/detect/val241
crack,0.7,0.78,0,0,58,248,0.3333333333333333,0.0059790732436472,0.1696534246575342,0.0935189669074718,0.1011324126824781,0.0,0.0,0.0,0.0,runs/detect/val242
patch,0.7,0.78,4,0,219,83,0.3333333333333333,0.0059790732436472,0.1696534246575342,0.0935189669074718,0.1011324126824781,1.0,0.0179372197309417,0.5089602739726028,0.2805569007224155,runs/detect/val242
pothole,0.7,0.78,0,0,25,281,0.3333333333333333,0.0059790732436472,0.1696534246575342,0.0935189669074718,0.1011324126824781,0.0,0.0,0.0,0.0,runs/detect/val242
crack,0.7,0.79,0,0,58,248,0.3333333333333333,0.0029895366218236,0.1681598793363499,0.1095330958786841,0.1153957742244506,0.0,0.0,0.0,0.0,runs/detect/val243
patch,0.7,0.79,2,0,221,83,0.3333333333333333,0.0029895366218236,0.1681598793363499,0.1095330958786841,0.1153957742244506,1.0,0.0089686098654708,0.5044796380090497,0.3285992876360523,runs/detect/val243
pothole,0.7,0.79,0,0,25,281,0.3333333333333333,0.0029895366218236,0.1681598793363499,0.1095330958786841,0.1153957742244506,0.0,0.0,0.0,0.0,runs/detect/val243
crack,0.7,0.8,0,0,58,248,0.3333333333333333,0.0029895366218236,0.1681598793363499,0.1095330958786841,0.1153957742244506,0.0,0.0,0.0,0.0,runs/detect/val244
patch,0.7,0.8,2,0,221,83,0.3333333333333333,0.0029895366218236,0.1681598793363499,0.1095330958786841,0.1153957742244506,1.0,0.0089686098654708,0.5044796380090497,0.3285992876360523,runs/detect/val244
pothole,0.7,0.8,0,0,25,281,0.3333333333333333,0.0029895366218236,0.1681598793363499,0.1095330958786841,0.1153957742244506,0.0,0.0,0.0,0.0,runs/detect/val244
crack,0.7,0.81,0,0,58,248,0.3333333333333333,0.0014947683109118,0.1674099099099099,0.1506689189189189,0.152343018018018,0.0,0.0,0.0,0.0,runs/detect/val245
patch,0.7,0.81,1,0,222,83,0.3333333333333333,0.0014947683109118,0.1674099099099099,0.1506689189189189,0.152343018018018,1.0,0.0044843049327354,0.5022297297297298,0.4520067567567568,runs/detect/val245
pothole,0.7,0.81,0,0,25,281,0.3333333333333333,0.0014947683109118,0.1674099099099099,0.1506689189189189,0.152343018018018,0.0,0.0,0.0,0.0,runs/detect/val245
crack,0.8,0.01,16,900,42,2022,0.3417285174248884,0.3176444513169424,0.2596947028332233,0.0963136853735519,0.1126517871195191,0.279769395719499,0.0862068965517241,0.0733476401807616,0.0191566094800162,runs/detect/val247
patch,0.8,0.01,171,1625,52,1132,0.3417285174248884,0.3176444513169424,0.2596947028332233,0.0963136853735519,0.1126517871195191,0.3516286085405518,0.5067264573991032,0.4028593120573941,0.1645903331941436,runs/detect/val247
pothole,0.8,0.01,12,157,13,2798,0.3417285174248884,0.3176444513169424,0.2596947028332233,0.0963136853735519,0.1126517871195191,0.3937875480146144,0.36,0.3028771562615142,0.1051941134464961,runs/detect/val247
crack,0.8,0.02,15,406,43,1320,0.3417285174248884,0.3176444513169424,0.2634805034014361,0.0993981517760163,0.1158063869385583,0.279769395719499,0.0862068965517241,0.0773768341595234,0.0211797748724587,runs/detect/val248
patch,0.8,0.02,162,994,61,567,0.3417285174248884,0.3176444513169424,0.2634805034014361,0.0993981517760163,0.1158063869385583,0.3516286085405518,0.5067264573991032,0.4065483389401825,0.1675593158219174,runs/detect/val248
pothole,0.8,0.02,11,86,14,1673,0.3417285174248884,0.3176444513169424,0.2634805034014361,0.0993981517760163,0.1158063869385583,0.3937875480146144,0.36,0.3065163371046022,0.1094553646336729,runs/detect/val248
crack,0.8,0.03,12,217,46,1011,0.3417285174248884,0.3176444513169424,0.2683866434871555,0.102116249562412,0.1187432889548863,0.279769395719499,0.0862068965517241,0.0817187512620691,0.0227905611630784,runs/detect/val249
patch,0.8,0.03,156,707,67,356,0.3417285174248884,0.3176444513169424,0.2683866434871555,0.102116249562412,0.1187432889548863,0.3516286085405518,0.5067264573991032,0.4082588176350865,0.1698444462779868,runs/detect/val249
pothole,0.8,0.03,11,60,14,1201,0.3417285174248884,0.3176444513169424,0.2683866434871555,0.102116249562412,0.1187432889548863,0.3937875480146144,0.36,0.3151823615643108,0.1137137412461708,runs/detect/val249
crack,0.8,0.04,12,150,46,864,0.3417285174248884,0.3176444513169424,0.2736549043574456,0.1043129910872475,0.1212471824142673,0.279769395719499,0.0862068965517241,0.0882808490923,0.0244083608971638,runs/detect/val250
patch,0.8,0.04,155,569,68,280,0.3417285174248884,0.3176444513169424,0.2736549043574456,0.1043129910872475,0.1212471824142673,0.3516286085405518,0.5067264573991032,0.4111690219417155,0.1717051689907483,runs/detect/val250
pothole,0.8,0.04,11,50,14,997,0.3417285174248884,0.3176444513169424,0.2736549043574456,0.1043129910872475,0.1212471824142673,0.3937875480146144,0.36,0.3215148420383211,0.1168254433738305,runs/detect/val250
crack,0.8,0.05,11,106,47,736,0.3417285174248884,0.3176444513169424,0.2795481559884368,0.1072250266787692,0.124457339609736,0.279769395719499,0.0862068965517241,0.0952327931482186,0.0272304280253326,runs/detect/val251
patch,0.8,0.05,152,455,71,222,0.3417285174248884,0.3176444513169424,0.2795481559884368,0.1072250266787692,0.124457339609736,0.3516286085405518,0.5067264573991032,0.4154774359060977,0.1744647968724388,runs/detect/val251
pothole,0.8,0.05,11,36,14,839,0.3417285174248884,0.3176444513169424,0.2795481559884368,0.1072250266787692,0.124457339609736,0.3937875480146144,0.36,0.3279342389109941,0.1199798551385363,runs/detect/val251
crack,0.8,0.06,11,82,47,654,0.3417285174248884,0.3176444513169424,0.2848625826053927,0.1097409113852473,0.1272530785072619,0.279769395719499,0.0862068965517241,0.1033033929624355,0.0287861698617671,runs/detect/val252
patch,0.8,0.06,144,383,79,188,0.3417285174248884,0.3176444513169424,0.2848625826053927,0.1097409113852473,0.1272530785072619,0.3516286085405518,0.5067264573991032,0.415401332981288,0.1765507760925583,runs/detect/val252
pothole,0.8,0.06,11,25,14,744,0.3417285174248884,0.3176444513169424,0.2848625826053927,0.1097409113852473,0.1272530785072619,0.3937875480146144,0.36,0.3358830218724546,0.1238857882014166,runs/detect/val252
crack,0.8,0.07,11,69,47,602,0.3417285174248884,0.3176444513169424,0.2922797613971249,0.1127805061761227,0.1307304316982229,0.279769395719499,0.0862068965517241,0.1117319629297022,0.0308128020603062,runs/detect/val253
patch,0.8,0.07,142,334,81,172,0.3417285174248884,0.3176444513169424,0.2922797613971249,0.1127805061761227,0.1307304316982229,0.3516286085405518,0.5067264573991032,0.4179635235271489,0.1781095230942314,runs/detect/val253
pothole,0.8,0.07,11,21,14,683,0.3417285174248884,0.3176444513169424,0.2922797613971249,0.1127805061761227,0.1307304316982229,0.3937875480146144,0.36,0.3471437977345235,0.1294191933738304,runs/detect/val253
crack,0.8,0.08,10,53,48,548,0.3417285174248884,0.3176444513169424,0.2959930852970306,0.1148537497207638,0.1329676832783904,0.279769395719499,0.0862068965517241,0.1168034723034723,0.0341456096219031,runs/detect/val254
patch,0.8,0.08,139,281,84,155,0.3417285174248884,0.3176444513169424,0.2959930852970306,0.1148537497207638,0.1329676832783904,0.3516286085405518,0.5067264573991032,0.4196778191864293,0.1788568628332244,runs/detect/val254
pothole,0.8,0.08,11,20,14,614,0.3417285174248884,0.3176444513169424,0.2959930852970306,0.1148537497207638,0.1329676832783904,0.3937875480146144,0.36,0.3514979644011902,0.1315587767071638,runs/detect/val254
crack,0.8,0.09,10,42,48,510,0.3417285174248884,0.3176444513169424,0.3006358837502919,0.1165168967292666,0.1349287954313692,0.279769395719499,0.0862068965517241,0.1201228204665704,0.033485030227269,runs/detect/val255
patch,0.8,0.09,135,247,88,140,0.3417285174248884,0.3176444513169424,0.3006358837502919,0.1165168967292666,0.1349287954313692,0.3516286085405518,0.5067264573991032,0.4215785330497817,0.1802277165867005,runs/detect/val255
pothole,0.8,0.09,11,16,14,569,0.3417285174248884,0.3176444513169424,0.3006358837502919,0.1165168967292666,0.1349287954313692,0.3937875480146144,0.36,0.3602062977345235,0.1358379433738304,runs/detect/val255
crack,0.8,0.1,8,31,50,472,0.3085609974103068,0.3263811143755477,0.3078952326498478,0.1201721156978745,0.1389444273930719,0.2658730765963986,0.1034482758620689,0.1285486725073867,0.0366834584330973,runs/detect/val256
patch,0.8,0.1,131,210,92,128,0.3085609974103068,0.3263811143755477,0.3078952326498478,0.1201721156978745,0.1389444273930719,0.3217375266380353,0.515695067264574,0.4237342991362046,0.1824931595724101,runs/detect/val256
pothole,0.8,0.1,11,15,14,521,0.3085609974103068,0.3263811143755477,0.3078952326498478,0.1201721156978745,0.1389444273930719,0.3380723889964864,0.36,0.3714027263059521,0.1413397290881162,runs/detect/val256
crack,0.8,0.11,8,24,50,456,0.3085609974103068,0.3263811143755477,0.3096732314303292,0.1205036234415028,0.1394205842403855,0.2658730765963986,0.1034482758620689,0.1403569990379991,0.0406872290826411,runs/detect/val257
patch,0.8,0.11,128,195,95,120,0.3085609974103068,0.3263811143755477,0.3096732314303292,0.1205036234415028,0.1394205842403855,0.3217375266380353,0.515695067264574,0.4240903260898938,0.183513062650962,runs/detect/val257
pothole,0.8,0.11,10,13,15,500,0.3085609974103068,0.3263811143755477,0.3096732314303292,0.1205036234415028,0.1394205842403855,0.3380723889964864,0.36,0.3645723691630949,0.1373105785909054,runs/detect/val257
crack,0.8,0.12,7,16,51,431,0.3085609974103068,0.3263811143755477,0.3119863982626967,0.1211774524193278,0.1402583470036647,0.2658730765963986,0.1034482758620689,0.1535773171992811,0.0457788573848207,runs/detect/val258
patch,0.8,0.12,127,173,96,109,0.3085609974103068,0.3263811143755477,0.3119863982626967,0.1211774524193278,0.1402583470036647,0.3217375266380353,0.515695067264574,0.4285252342321657,0.1861986240472342,runs/detect/val258
pothole,0.8,0.12,9,10,16,470,0.3085609974103068,0.3263811143755477,0.3119863982626967,0.1211774524193278,0.1402583470036647,0.3380723889964864,0.36,0.3538566433566433,0.1315548758259284,runs/detect/val258
crack,0.8,0.13,7,8,51,417,0.3085609974103068,0.3263811143755477,0.3177423914216828,0.1247151957706774,0.144017915335778,0.2658730765963986,0.1034482758620689,0.1666227305303392,0.0531943697358127,runs/detect/val259
patch,0.8,0.13,121,159,102,101,0.3085609974103068,0.3263811143755477,0.3177423914216828,0.1247151957706774,0.144017915335778,0.3217375266380353,0.515695067264574,0.42578351466378,0.1861213417502911,runs/detect/val259
pothole,0.8,0.13,9,10,16,448,0.3085609974103068,0.3263811143755477,0.3177423914216828,0.1247151957706774,0.144017915335778,0.3380723889964864,0.36,0.3608209290709291,0.1348298758259284,runs/detect/val259
crack,0.8,0.14,7,8,51,403,0.3364628585789681,0.3263811143755477,0.3306200294765481,0.125903873804037,0.1463754893712881,0.2857142857142857,0.1034482758620689,0.1777211538461538,0.0572471781913777,runs/detect/val260
patch,0.8,0.14,121,147,102,99,0.3364628585789681,0.3263811143755477,0.3306200294765481,0.125903873804037,0.1463754893712881,0.3323699421965317,0.515695067264574,0.430608378183369,0.1878205350312875,runs/detect/val260
pothole,0.8,0.14,9,8,16,436,0.3364628585789681,0.3263811143755477,0.3306200294765481,0.125903873804037,0.1463754893712881,0.391304347826087,0.36,0.3835305564001216,0.1326439081894459,runs/detect/val260
crack,0.8,0.15,6,7,52,385,0.3514352449443727,0.3161496830060306,0.3337262245890993,0.128050958132617,0.1486184847782652,0.2941176470588235,0.0862068965517241,0.1791075194228634,0.0595020450536297,runs/detect/val261
patch,0.8,0.15,116,130,107,97,0.3514352449443727,0.3161496830060306,0.3337262245890993,0.128050958132617,0.1486184847782652,0.3510971786833856,0.5022421524663677,0.4327599655332457,0.1896422966488464,runs/detect/val261
pothole,0.8,0.15,9,7,16,418,0.3514352449443727,0.3161496830060306,0.3337262245890993,0.128050958132617,0.1486184847782652,0.4090909090909091,0.36,0.3893111888111888,0.1350085326953748,runs/detect/val261
crack,0.8,0.16,4,7,54,377,0.3572385088671734,0.3059182516365136,0.3322821576265115,0.128827591774761,0.149173048359936,0.2666666666666666,0.0689655172413793,0.1628607407407407,0.0557652234626971,runs/detect/val262
patch,0.8,0.16,114,123,109,96,0.3572385088671734,0.3059182516365136,0.3322821576265115,0.128827591774761,0.149173048359936,0.3550488599348534,0.4887892376681614,0.4313790887821505,0.1902703828025747,runs/detect/val262
pothole,0.8,0.16,9,6,16,411,0.3572385088671734,0.3059182516365136,0.3322821576265115,0.128827591774761,0.149173048359936,0.45,0.36,0.4026066433566434,0.1404471690590111,runs/detect/val262
crack,0.8,0.17,4,5,54,363,0.3417031778603516,0.2868377918663987,0.3211294969872494,0.1252059609973178,0.1447983145963109,0.2307692307692307,0.0517241379310344,0.1436587412587412,0.0475112439607176,runs/detect/val263
patch,0.8,0.17,114,109,109,94,0.3417031778603516,0.2868377918663987,0.3211294969872494,0.1252059609973178,0.1447983145963109,0.3732876712328767,0.4887892376681614,0.4361099484516267,0.1929160489195928,runs/detect/val263
pothole,0.8,0.17,8,6,17,395,0.3417031778603516,0.2868377918663987,0.3211294969872494,0.1252059609973178,0.1447983145963109,0.4210526315789473,0.32,0.3836198012513802,0.1351905901116427,runs/detect/val263
crack,0.8,0.18,3,4,55,355,0.377644551025846,0.2853430235554868,0.335707694788931,0.1279630756651267,0.1487375375775071,0.3,0.0517241379310344,0.1762563636363636,0.0598312838155996,runs/detect/val264
patch,0.8,0.18,113,102,110,92,0.377644551025846,0.2853430235554868,0.335707694788931,0.1279630756651267,0.1487375375775071,0.3884892086330935,0.484304932735426,0.4391767440404526,0.1944039027757402,runs/detect/val264
pothole,0.8,0.18,8,5,17,387,0.377644551025846,0.2853430235554868,0.335707694788931,0.1279630756651267,0.1487375375775071,0.4444444444444444,0.32,0.3916899766899766,0.1296540404040403,runs/detect/val264
crack,0.8,0.19,2,4,56,348,0.3856147021546261,0.2647677954744601,0.330955681778815,0.1172599054675025,0.1386294830986337,0.25,0.0344827586206896,0.1488904761904762,0.0225591791979949,runs/detect/val265
patch,0.8,0.19,112,96,111,91,0.3856147021546261,0.2647677954744601,0.330955681778815,0.1172599054675025,0.1386294830986337,0.4068441064638783,0.4798206278026906,0.4431199257893252,0.1970863380703134,runs/detect/val265
pothole,0.8,0.19,7,4,18,381,0.3856147021546261,0.2647677954744601,0.330955681778815,0.1172599054675025,0.1386294830986337,0.5,0.28,0.4008566433566434,0.1321341991341991,runs/detect/val265
crack,0.8,0.2,2,3,56,335,0.4073094258279443,0.2632730271635483,0.3389607215880605,0.1193961885369495,0.1413526418420606,0.2857142857142857,0.0344827586206896,0.166112925170068,0.0251628714643752,runs/detect/val266
patch,0.8,0.2,111,83,112,90,0.4073094258279443,0.2632730271635483,0.3389607215880605,0.1193961885369495,0.1413526418420606,0.4362139917695473,0.4753363228699551,0.4499125962374702,0.2008914950122741,runs/detect/val266
pothole,0.8,0.2,7,4,18,367,0.4073094258279443,0.2632730271635483,0.3389607215880605,0.1193961885369495,0.1413526418420606,0.5,0.28,0.4008566433566434,0.1321341991341991,runs/detect/val266
crack,0.8,0.21,2,2,56,326,0.4277049975739932,0.2454553888974795,0.3429688366761652,0.1213297291290736,0.1434936398837827,0.3333333333333333,0.0344827586206896,0.1890761904761904,0.0286344611528822,runs/detect/val267
patch,0.8,0.21,109,74,114,89,0.4277049975739932,0.2454553888974795,0.3429688366761652,0.1213297291290736,0.1434936398837827,0.4497816593886463,0.4618834080717489,0.4505121377341233,0.2005479080525204,runs/detect/val267
pothole,0.8,0.21,6,4,19,357,0.4277049975739932,0.2454553888974795,0.3429688366761652,0.1213297291290736,0.1434936398837827,0.5,0.24,0.3893181818181818,0.1348068181818181,runs/detect/val267
crack,0.8,0.22,1,0,57,319,0.4856711915535445,0.2367187258388742,0.3671931814375994,0.1297911724022643,0.1535313733057978,0.5,0.0172413793103448,0.2618052631578947,0.0523610526315789,runs/detect/val268
patch,0.8,0.22,107,67,116,87,0.4856711915535445,0.2367187258388742,0.3671931814375994,0.1297911724022643,0.1535313733057978,0.4570135746606334,0.452914798206278,0.4504560993367217,0.2022056463933959,runs/detect/val268
pothole,0.8,0.22,6,4,19,348,0.4856711915535445,0.2367187258388742,0.3671931814375994,0.1297911724022643,0.1535313733057978,0.5,0.24,0.3893181818181818,0.1348068181818181,runs/detect/val268
crack,0.8,0.23,1,0,57,312,0.6587301587301587,0.2352239575279624,0.4509058369466076,0.1470598507832362,0.1774444493995733,1.0,0.0172413793103448,0.5086105263157894,0.1017221052631578,runs/detect/val269
patch,0.8,0.23,105,60,118,87,0.6587301587301587,0.2352239575279624,0.4509058369466076,0.1470598507832362,0.1774444493995733,0.4761904761904761,0.4484304932735426,0.4547888027058516,0.2046506289047326,runs/detect/val269
pothole,0.8,0.23,6,4,19,341,0.6587301587301587,0.2352239575279624,0.4509058369466076,0.1470598507832362,0.1774444493995733,0.5,0.24,0.3893181818181818,0.1348068181818181,runs/detect/val269
crack,0.8,0.24,0,0,58,305,0.3442547300415321,0.2234977578475336,0.2867879070282759,0.1149714885741678,0.1321531304195786,0.0,0.0,0.0,0.0,runs/detect/val270
patch,0.8,0.24,101,54,122,86,0.3442547300415321,0.2234977578475336,0.2867879070282759,0.1149714885741678,0.1321531304195786,0.4873096446700508,0.4304932735426009,0.4535455392666459,0.2034523445103824,runs/detect/val270
pothole,0.8,0.24,6,3,19,335,0.3442547300415321,0.2234977578475336,0.2867879070282759,0.1149714885741678,0.1321531304195786,0.5454545454545454,0.24,0.4068181818181816,0.1414621212121211,runs/detect/val270
crack,0.8,0.25,0,0,58,301,0.3476030142696809,0.22050822122571,0.2870151226290671,0.1156574727066851,0.1327932376989233,0.0,0.0,0.0,0.0,runs/detect/val271
patch,0.8,0.25,98,50,125,86,0.3476030142696809,0.22050822122571,0.2870151226290671,0.1156574727066851,0.1327932376989233,0.4973544973544973,0.42152466367713,0.4542271860690198,0.2055102969079343,runs/detect/val271
pothole,0.8,0.25,6,3,19,331,0.3476030142696809,0.22050822122571,0.2870151226290671,0.1156574727066851,0.1327932376989233,0.5454545454545454,0.24,0.4068181818181816,0.1414621212121211,runs/detect/val271
crack,0.8,0.26,0,0,58,292,0.3565599497802887,0.2026905829596412,0.2852896212140309,0.1207384849000726,0.1371935985314684,0.0,0.0,0.0,0.0,runs/detect/val272
patch,0.8,0.26,94,42,129,85,0.3565599497802887,0.2026905829596412,0.2852896212140309,0.1207384849000726,0.1371935985314684,0.5141242937853108,0.4080717488789238,0.4558688636420927,0.2083543435891067,runs/detect/val272
pothole,0.8,0.26,5,2,20,323,0.3565599497802887,0.2026905829596412,0.2852896212140309,0.1207384849000726,0.1371935985314684,0.5555555555555556,0.2,0.4000000000000001,0.1538611111111111,runs/detect/val272
crack,0.8,0.27,0,0,58,289,0.3586744639376218,0.1997010463378176,0.2851357392293472,0.1210743066643699,0.1374804499208677,0.0,0.0,0.0,0.0,runs/detect/val273
patch,0.8,0.27,91,39,132,85,0.3586744639376218,0.1997010463378176,0.2851357392293472,0.1210743066643699,0.1374804499208677,0.52046783625731,0.3991031390134529,0.4554072176880418,0.2093618088819987,runs/detect/val273
pothole,0.8,0.27,5,2,20,320,0.3586744639376218,0.1997010463378176,0.2851357392293472,0.1210743066643699,0.1374804499208677,0.5555555555555556,0.2,0.4000000000000001,0.1538611111111111,runs/detect/val273
crack,0.8,0.28,0,0,58,284,0.363099295614633,0.196711509715994,0.2856864925293003,0.1211260516680479,0.1375820957541732,0.0,0.0,0.0,0.0,runs/detect/val274
patch,0.8,0.28,89,35,134,84,0.363099295614633,0.196711509715994,0.2856864925293003,0.1211260516680479,0.1375820957541732,0.5337423312883436,0.3901345291479821,0.4570594775879006,0.2095170438930327,runs/detect/val274
pothole,0.8,0.28,5,1,20,316,0.363099295614633,0.196711509715994,0.2856864925293003,0.1211260516680479,0.1375820957541732,0.5555555555555556,0.2,0.4000000000000001,0.1538611111111111,runs/detect/val274
crack,0.8,0.29,0,0,58,283,0.3865303983228512,0.1937219730941703,0.2943488481382932,0.1250026362553908,0.141937257443681,0.0,0.0,0.0,0.0,runs/detect/val275
patch,0.8,0.29,87,34,136,84,0.3865303983228512,0.1937219730941703,0.2943488481382932,0.1250026362553908,0.141937257443681,0.5345911949685535,0.3811659192825112,0.4549215444148797,0.2093412420995057,runs/detect/val275
pothole,0.8,0.29,5,1,20,315,0.3865303983228512,0.1937219730941703,0.2943488481382932,0.1250026362553908,0.141937257443681,0.5555555555555556,0.2,0.428125,0.1656666666666666,runs/detect/val275
crack,0.8,0.3,0,0,58,278,0.3932648401826484,0.1877428998505231,0.2947983625268373,0.1257795427204508,0.1426814247010895,0.0,0.0,0.0,0.0,runs/detect/val276
patch,0.8,0.3,83,29,140,84,0.3932648401826484,0.1877428998505231,0.2947983625268373,0.1257795427204508,0.1426814247010895,0.5547945205479452,0.3632286995515695,0.4562700875805119,0.2116719614946859,runs/detect/val276
pothole,0.8,0.3,5,1,20,310,0.3932648401826484,0.1877428998505231,0.2947983625268373,0.1257795427204508,0.1426814247010895,0.5555555555555556,0.2,0.428125,0.1656666666666666,runs/detect/val276
crack,0.8,0.31,0,0,58,276,0.4311966080480567,0.1817638266068759,0.2930324702821687,0.1261487397507544,0.1428371128038958,0.0,0.0,0.0,0.0,runs/detect/val277
patch,0.8,0.31,79,27,144,84,0.4311966080480567,0.1817638266068759,0.2930324702821687,0.1261487397507544,0.1428371128038958,0.5819530984493286,0.3452914798206278,0.4509724108465062,0.2127795525855965,runs/detect/val277
pothole,0.8,0.31,5,1,20,308,0.4311966080480567,0.1817638266068759,0.2930324702821687,0.1261487397507544,0.1428371128038958,0.7116367256948416,0.2,0.428125,0.1656666666666666,runs/detect/val277
crack,0.8,0.32,0,0,58,272,0.4268207282913165,0.1817638266068759,0.3064205347730188,0.1313551958654955,0.1488617297562478,0.0,0.0,0.0,0.0,runs/detect/val278
patch,0.8,0.32,79,24,144,83,0.4268207282913165,0.1817638266068759,0.3064205347730188,0.1313551958654955,0.1488617297562478,0.5661764705882353,0.3452914798206278,0.4549758900333421,0.2132203495012485,runs/detect/val278
pothole,0.8,0.32,5,0,20,305,0.4268207282913165,0.1817638266068759,0.3064205347730188,0.1313551958654955,0.1488617297562478,0.7142857142857143,0.2,0.4642857142857143,0.1808452380952381,runs/detect/val278
crack,0.8,0.33,0,0,58,269,0.4325396825396825,0.1817638266068759,0.3082942169513696,0.132410582646986,0.1499989460774243,0.0,0.0,0.0,0.0,runs/detect/val279
patch,0.8,0.33,79,21,144,83,0.4325396825396825,0.1817638266068759,0.3082942169513696,0.132410582646986,0.1499989460774243,0.5833333333333334,0.3452914798206278,0.4605969365683946,0.2163865098457197,runs/detect/val279
pothole,0.8,0.33,5,0,20,302,0.4325396825396825,0.1817638266068759,0.3082942169513696,0.132410582646986,0.1499989460774243,0.7142857142857143,0.2,0.4642857142857143,0.1808452380952381,runs/detect/val279
crack,0.8,0.34,0,0,58,267,0.4831111111111111,0.1817638266068759,0.3279331363903781,0.1411660708249754,0.1598427773815157,0.0,0.0,0.0,0.0,runs/detect/val280
patch,0.8,0.34,79,19,144,83,0.4831111111111111,0.1817638266068759,0.3279331363903781,0.1411660708249754,0.1598427773815157,0.5833333333333334,0.3452914798206278,0.4712994091711341,0.2224148791415929,runs/detect/val280
pothole,0.8,0.34,5,0,20,300,0.4831111111111111,0.1817638266068759,0.3279331363903781,0.1411660708249754,0.1598427773815157,0.8333333333333334,0.2,0.5125,0.2010833333333333,runs/detect/val280
crack,0.8,0.35,0,0,58,264,0.4846743295019157,0.1742899850523168,0.3261383995214029,0.1402896753513461,0.1588745477683517,0.0,0.0,0.0,0.0,runs/detect/val281
patch,0.8,0.35,74,16,149,83,0.4846743295019157,0.1742899850523168,0.3261383995214029,0.1402896753513461,0.1588745477683517,0.6206896551724138,0.3228699551569506,0.4659151985642087,0.2197856927207049,runs/detect/val281
pothole,0.8,0.35,5,0,20,297,0.4846743295019157,0.1742899850523168,0.3261383995214029,0.1402896753513461,0.1588745477683517,0.8333333333333334,0.2,0.5125,0.2010833333333333,runs/detect/val281
crack,0.8,0.36,0,0,58,263,0.4901671583087512,0.1742899850523168,0.3279862962610715,0.1410235689617205,0.1597198416916556,0.0,0.0,0.0,0.0,runs/detect/val282
patch,0.8,0.36,74,15,149,83,0.4901671583087512,0.1742899850523168,0.3279862962610715,0.1410235689617205,0.1597198416916556,0.6371681415929203,0.3228699551569506,0.4714588887832145,0.2219873735518283,runs/detect/val282
pothole,0.8,0.36,5,0,20,296,0.4901671583087512,0.1742899850523168,0.3279862962610715,0.1410235689617205,0.1597198416916556,0.8333333333333334,0.2,0.5125,0.2010833333333333,runs/detect/val282
crack,0.8,0.37,0,0,58,262,0.4947589098532495,0.1698056801195814,0.3281657895479313,0.1421049493938692,0.1607110334092755,0.0,0.0,0.0,0.0,runs/detect/val283
patch,0.8,0.37,71,14,152,83,0.4947589098532495,0.1698056801195814,0.3281657895479313,0.1421049493938692,0.1607110334092755,0.6509433962264151,0.3094170403587444,0.4719973686437939,0.2252315148482745,runs/detect/val283
pothole,0.8,0.37,5,0,20,295,0.4947589098532495,0.1698056801195814,0.3281657895479313,0.1421049493938692,0.1607110334092755,0.8333333333333334,0.2,0.5125,0.2010833333333333,runs/detect/val283
crack,0.8,0.38,0,0,58,262,0.4967320261437908,0.1668161434977578,0.3278741396436981,0.1421187496522923,0.1606942886514329,0.0,0.0,0.0,0.0,runs/detect/val284
patch,0.8,0.38,69,14,154,83,0.4967320261437908,0.1668161434977578,0.3278741396436981,0.1421187496522923,0.1606942886514329,0.6568627450980392,0.3004484304932735,0.4711224189310944,0.2252729156235438,runs/detect/val284
pothole,0.8,0.38,5,0,20,295,0.4967320261437908,0.1668161434977578,0.3278741396436981,0.1421187496522923,0.1606942886514329,0.8333333333333334,0.2,0.5125,0.2010833333333333,runs/detect/val284
crack,0.8,0.39,0,0,58,259,0.4953216374269005,0.1593423019431988,0.3249043793262049,0.1405459418141647,0.1589817855653687,0.0,0.0,0.0,0.0,runs/detect/val285
patch,0.8,0.39,65,11,158,83,0.4953216374269005,0.1593423019431988,0.3249043793262049,0.1405459418141647,0.1589817855653687,0.6526315789473685,0.2780269058295964,0.4622131379786148,0.2205544921091606,runs/detect/val285
pothole,0.8,0.39,5,0,20,292,0.4953216374269005,0.1593423019431988,0.3249043793262049,0.1405459418141647,0.1589817855653687,0.8333333333333334,0.2,0.5125,0.2010833333333333,runs/detect/val285
crack,0.8,0.4,0,0,58,259,0.496415770609319,0.157847533632287,0.3248113824946111,0.1403952054044007,0.1588368231134218,0.0,0.0,0.0,0.0,runs/detect/val286
patch,0.8,0.4,64,11,159,83,0.496415770609319,0.157847533632287,0.3248113824946111,0.1403952054044007,0.1588368231134218,0.6559139784946236,0.273542600896861,0.4619341474838334,0.2201022828798689,runs/detect/val286
pothole,0.8,0.4,5,0,20,292,0.496415770609319,0.157847533632287,0.3248113824946111,0.1403952054044007,0.1588368231134218,0.8333333333333334,0.2,0.5125,0.2010833333333333,runs/detect/val286
crack,0.8,0.41,0,0,58,259,0.4659090909090909,0.1252017937219731,0.297149804718672,0.1208647054986241,0.1384932154206289,0.0,0.0,0.0,0.0,runs/detect/val287
patch,0.8,0.41,59,11,164,83,0.4659090909090909,0.1252017937219731,0.297149804718672,0.1208647054986241,0.1384932154206289,0.6477272727272727,0.2556053811659193,0.4526994141560161,0.2148441164958724,runs/detect/val287
pothole,0.8,0.41,3,0,22,292,0.4659090909090909,0.1252017937219731,0.297149804718672,0.1208647054986241,0.1384932154206289,0.75,0.12,0.43875,0.14775,runs/detect/val287
crack,0.8,0.42,0,0,58,257,0.4682539682539682,0.1222122571001494,0.2970690518991068,0.1205537609046267,0.1382052900040747,0.0,0.0,0.0,0.0,runs/detect/val288
patch,0.8,0.42,57,9,166,83,0.4682539682539682,0.1222122571001494,0.2970690518991068,0.1205537609046267,0.1382052900040747,0.6547619047619048,0.2466367713004484,0.4524571556973204,0.2139112827138802,runs/detect/val288
pothole,0.8,0.42,3,0,22,290,0.4682539682539682,0.1222122571001494,0.2970690518991068,0.1205537609046267,0.1382052900040747,0.75,0.12,0.43875,0.14775,runs/detect/val288
crack,0.8,0.43,0,0,58,257,0.4403292181069959,0.1058893871449925,0.2780916345755657,0.116406307048683,0.1325748398013713,0.0,0.0,0.0,0.0,runs/detect/val289
patch,0.8,0.43,55,9,168,83,0.4403292181069959,0.1058893871449925,0.2780916345755657,0.116406307048683,0.1325748398013713,0.654320987654321,0.2376681614349775,0.4492749037266972,0.2132189211460491,runs/detect/val289
pothole,0.8,0.43,2,0,23,290,0.4403292181069959,0.1058893871449925,0.2780916345755657,0.116406307048683,0.1325748398013713,0.6666666666666666,0.08,0.43875,0.14775,runs/detect/val289
crack,0.8,0.44,0,0,58,254,0.4519519519519519,0.1028998505231689,0.2815401264086721,0.1179065748539968,0.1342699300094643,0.0,0.0,0.0,0.0,runs/detect/val290
patch,0.8,0.44,52,6,171,83,0.4519519519519519,0.1028998505231689,0.2815401264086721,0.1179065748539968,0.1342699300094643,0.6891891891891891,0.2286995515695067,0.4596203792260164,0.2177197245619904,runs/detect/val290
pothole,0.8,0.44,2,0,23,287,0.4519519519519519,0.1028998505231689,0.2815401264086721,0.1179065748539968,0.1342699300094643,0.6666666666666666,0.08,0.43875,0.14775,runs/detect/val290
crack,0.8,0.45,0,0,58,253,0.4603174603174603,0.1014050822122571,0.2842613323521476,0.1196292273011026,0.1360924378062071,0.0,0.0,0.0,0.0,runs/detect/val291
patch,0.8,0.45,50,5,173,83,0.4603174603174603,0.1014050822122571,0.2842613323521476,0.1196292273011026,0.1360924378062071,0.7142857142857143,0.2242152466367713,0.4677839970564428,0.222887681903308,runs/detect/val291
pothole,0.8,0.45,2,0,23,286,0.4603174603174603,0.1014050822122571,0.2842613323521476,0.1196292273011026,0.1360924378062071,0.6666666666666666,0.08,0.43875,0.14775,runs/detect/val291
crack,0.8,0.46,0,0,58,253,0.4673202614379084,0.1014050822122571,0.2869720599958061,0.1210565189555349,0.1376480730595621,0.0,0.0,0.0,0.0,runs/detect/val292
patch,0.8,0.46,50,5,173,83,0.4673202614379084,0.1014050822122571,0.2869720599958061,0.1210565189555349,0.1376480730595621,0.7352941176470589,0.2242152466367713,0.4759161799874185,0.2271695568666048,runs/detect/val292
pothole,0.8,0.46,2,0,23,286,0.4673202614379084,0.1014050822122571,0.2869720599958061,0.1210565189555349,0.1376480730595621,0.6666666666666666,0.08,0.43875,0.14775,runs/detect/val292
crack,0.8,0.47,0,0,58,253,0.4735042735042734,0.0999103139013452,0.2888677959836436,0.1218505454969163,0.138552270545589,0.0,0.0,0.0,0.0,runs/detect/val293
patch,0.8,0.47,49,5,174,83,0.4735042735042734,0.0999103139013452,0.2888677959836436,0.1218505454969163,0.138552270545589,0.7538461538461538,0.2197309417040358,0.4816033879509307,0.2295516364907489,runs/detect/val293
pothole,0.8,0.47,2,0,23,286,0.4735042735042734,0.0999103139013452,0.2888677959836436,0.1218505454969163,0.138552270545589,0.6666666666666666,0.08,0.43875,0.14775,runs/detect/val293
crack,0.8,0.48,0,0,58,252,0.5846994535519126,0.0954260089686098,0.3388254440505289,0.1406476742860782,0.1604654512625233,0.0,0.0,0.0,0.0,runs/detect/val294
patch,0.8,0.48,46,4,177,83,0.5846994535519126,0.0954260089686098,0.3388254440505289,0.1406476742860782,0.1604654512625233,0.7540983606557377,0.2062780269058296,0.4764763321515868,0.2306930228582347,runs/detect/val294
pothole,0.8,0.48,2,0,23,285,0.5846994535519126,0.0954260089686098,0.3388254440505289,0.1406476742860782,0.1604654512625233,1.0,0.08,0.54,0.19125,runs/detect/val294
crack,0.8,0.49,0,0,58,252,0.5939393939393939,0.0909417040358744,0.3408153848028704,0.1431370573352629,0.1629048900820237,0.0,0.0,0.0,0.0,runs/detect/val295
patch,0.8,0.49,43,4,180,83,0.5939393939393939,0.0909417040358744,0.3408153848028704,0.1431370573352629,0.1629048900820237,0.7818181818181819,0.1928251121076233,0.482446154408611,0.2381611720057889,runs/detect/val295
pothole,0.8,0.49,2,0,23,285,0.5939393939393939,0.0909417040358744,0.3408153848028704,0.1431370573352629,0.1629048900820237,1.0,0.08,0.54,0.19125,runs/detect/val295
crack,0.8,0.5,0,0,58,252,0.5974842767295597,0.0761136023916293,0.3349676206164189,0.1675468309530759,0.1842889099194102,0.0,0.0,0.0,0.0,runs/detect/val296
patch,0.8,0.5,42,4,181,83,0.5974842767295597,0.0761136023916293,0.3349676206164189,0.1675468309530759,0.1842889099194102,0.7924528301886793,0.1883408071748878,0.4849028618492568,0.2426404928592279,runs/detect/val296
pothole,0.8,0.5,1,0,24,285,0.5974842767295597,0.0761136023916293,0.3349676206164189,0.1675468309530759,0.1842889099194102,1.0,0.04,0.5199999999999999,0.2599999999999999,runs/detect/val296
crack,0.8,0.51,0,0,58,252,0.2666666666666666,0.0597907324364723,0.161456056168839,0.080033746061092,0.0881759770718667,0.0,0.0,0.0,0.0,runs/detect/val297
patch,0.8,0.51,40,4,183,83,0.2666666666666666,0.0597907324364723,0.161456056168839,0.080033746061092,0.0881759770718667,0.8,0.179372197309417,0.4843681685065171,0.240101238183276,runs/detect/val297
pothole,0.8,0.51,0,0,25,285,0.2666666666666666,0.0597907324364723,0.161456056168839,0.080033746061092,0.0881759770718667,0.0,0.0,0.0,0.0,runs/detect/val297
crack,0.8,0.52,0,0,58,250,0.2681159420289855,0.0553064275037369,0.16023677770067,0.0793625707935603,0.0874499914842712,0.0,0.0,0.0,0.0,runs/detect/val298
patch,0.8,0.52,37,2,186,83,0.2681159420289855,0.0553064275037369,0.16023677770067,0.0793625707935603,0.0874499914842712,0.8043478260869565,0.1659192825112107,0.48071033310201,0.2380877123806808,runs/detect/val298
pothole,0.8,0.52,0,0,25,283,0.2681159420289855,0.0553064275037369,0.16023677770067,0.0793625707935603,0.0874499914842712,0.0,0.0,0.0,0.0,runs/detect/val298
crack,0.8,0.53,0,0,58,250,0.2790697674418604,0.0538116591928251,0.1641911548586656,0.0815667042229629,0.0898291492865331,0.0,0.0,0.0,0.0,runs/detect/val299
patch,0.8,0.53,36,2,187,83,0.2790697674418604,0.0538116591928251,0.1641911548586656,0.0815667042229629,0.0898291492865331,0.8372093023255814,0.1614349775784753,0.4925734645759968,0.2447001126688887,runs/detect/val299
pothole,0.8,0.53,0,0,25,283,0.2790697674418604,0.0538116591928251,0.1641911548586656,0.0815667042229629,0.0898291492865331,0.0,0.0,0.0,0.0,runs/detect/val299
crack,0.8,0.54,0,0,58,250,0.2833333333333333,0.0508221225710014,0.1647102254428341,0.0812395693261758,0.0895866349378416,0.0,0.0,0.0,0.0,runs/detect/val300
patch,0.8,0.54,34,2,189,83,0.2833333333333333,0.0508221225710014,0.1647102254428341,0.0812395693261758,0.0895866349378416,0.85,0.1524663677130044,0.4941306763285024,0.2437187079785275,runs/detect/val300
pothole,0.8,0.54,0,0,25,283,0.2833333333333333,0.0508221225710014,0.1647102254428341,0.0812395693261758,0.0895866349378416,0.0,0.0,0.0,0.0,runs/detect/val300
crack,0.8,0.55,0,0,58,250,0.2792792792792792,0.046337817638266,0.1610445457005919,0.0796112594014873,0.0877545880313977,0.0,0.0,0.0,0.0,runs/detect/val301
patch,0.8,0.55,31,2,192,83,0.2792792792792792,0.046337817638266,0.1610445457005919,0.0796112594014873,0.0877545880313977,0.8378378378378378,0.1390134529147982,0.4831336371017757,0.2388337782044619,runs/detect/val301
pothole,0.8,0.55,0,0,25,283,0.2792792792792792,0.046337817638266,0.1610445457005919,0.0796112594014873,0.0877545880313977,0.0,0.0,0.0,0.0,runs/detect/val301
crack,0.8,0.56,0,0,58,249,0.2828282828282828,0.0418535127055306,0.1605974541400628,0.08216870160407,0.0900115768576693,0.0,0.0,0.0,0.0,runs/detect/val302
patch,0.8,0.56,28,1,195,83,0.2828282828282828,0.0418535127055306,0.1605974541400628,0.08216870160407,0.0900115768576693,0.8484848484848485,0.1255605381165919,0.4817923624201884,0.24650610481221,runs/detect/val302
pothole,0.8,0.56,0,0,25,282,0.2828282828282828,0.0418535127055306,0.1605974541400628,0.08216870160407,0.0900115768576693,0.0,0.0,0.0,0.0,runs/detect/val302
crack,0.8,0.57,0,0,58,249,0.2873563218390804,0.0373692077727952,0.1606474540507524,0.0804127666896255,0.0884362354257382,0.0,0.0,0.0,0.0,runs/detect/val303
patch,0.8,0.57,25,1,198,83,0.2873563218390804,0.0373692077727952,0.1606474540507524,0.0804127666896255,0.0884362354257382,0.8620689655172413,0.1121076233183856,0.4819423621522571,0.2412383000688766,runs/detect/val303
pothole,0.8,0.57,0,0,25,282,0.2873563218390804,0.0373692077727952,0.1606474540507524,0.0804127666896255,0.0884362354257382,0.0,0.0,0.0,0.0,runs/detect/val303
crack,0.8,0.58,0,0,58,249,0.2839506172839506,0.0343796711509716,0.1577691451959205,0.0816135813516848,0.0892291377361083,0.0,0.0,0.0,0.0,runs/detect/val304
patch,0.8,0.58,23,1,200,83,0.2839506172839506,0.0343796711509716,0.1577691451959205,0.0816135813516848,0.0892291377361083,0.8518518518518519,0.1031390134529148,0.4733074355877616,0.2448407440550544,runs/detect/val304
pothole,0.8,0.58,0,0,25,282,0.2839506172839506,0.0343796711509716,0.1577691451959205,0.0816135813516848,0.0892291377361083,0.0,0.0,0.0,0.0,runs/detect/val304
crack,0.8,0.59,0,0,58,249,0.2839506172839506,0.0343796711509716,0.1577691451959205,0.0816135813516848,0.0892291377361083,0.0,0.0,0.0,0.0,runs/detect/val305
patch,0.8,0.59,23,1,200,83,0.2839506172839506,0.0343796711509716,0.1577691451959205,0.0816135813516848,0.0892291377361083,0.8518518518518519,0.1031390134529148,0.4733074355877616,0.2448407440550544,runs/detect/val305
pothole,0.8,0.59,0,0,25,282,0.2839506172839506,0.0343796711509716,0.1577691451959205,0.0816135813516848,0.0892291377361083,0.0,0.0,0.0,0.0,runs/detect/val305
crack,0.8,0.6,0,0,58,249,0.282051282051282,0.0328849028400597,0.1562521589377526,0.0816677374012807,0.0891261795549279,0.0,0.0,0.0,0.0,runs/detect/val306
patch,0.8,0.6,22,1,201,83,0.282051282051282,0.0328849028400597,0.1562521589377526,0.0816677374012807,0.0891261795549279,0.8461538461538461,0.0986547085201793,0.468756476813258,0.2450032122038421,runs/detect/val306
pothole,0.8,0.6,0,0,25,282,0.282051282051282,0.0328849028400597,0.1562521589377526,0.0816677374012807,0.0891261795549279,0.0,0.0,0.0,0.0,runs/detect/val306
crack,0.8,0.61,0,0,58,248,0.2878787878787879,0.0284005979073243,0.1568811794414735,0.0805553817674831,0.0881879615348822,0.0,0.0,0.0,0.0,runs/detect/val307
patch,0.8,0.61,19,0,204,83,0.2878787878787879,0.0284005979073243,0.1568811794414735,0.0805553817674831,0.0881879615348822,0.8636363636363636,0.085201793721973,0.4706435383244207,0.2416661453024494,runs/detect/val307
pothole,0.8,0.61,0,0,25,281,0.2878787878787879,0.0284005979073243,0.1568811794414735,0.0805553817674831,0.0881879615348822,0.0,0.0,0.0,0.0,runs/detect/val307
crack,0.8,0.62,0,0,58,248,0.2878787878787879,0.0284005979073243,0.1568811794414735,0.0805553817674831,0.0881879615348822,0.0,0.0,0.0,0.0,runs/detect/val308
patch,0.8,0.62,19,0,204,83,0.2878787878787879,0.0284005979073243,0.1568811794414735,0.0805553817674831,0.0881879615348822,0.8636363636363636,0.085201793721973,0.4706435383244207,0.2416661453024494,runs/detect/val308
pothole,0.8,0.62,0,0,25,281,0.2878787878787879,0.0284005979073243,0.1568811794414735,0.0805553817674831,0.0881879615348822,0.0,0.0,0.0,0.0,runs/detect/val308
crack,0.8,0.63,0,0,58,248,0.2833333333333333,0.0254110612855007,0.1532365765141008,0.0790034449380428,0.0864267580956486,0.0,0.0,0.0,0.0,runs/detect/val309
patch,0.8,0.63,17,0,206,83,0.2833333333333333,0.0254110612855007,0.1532365765141008,0.0790034449380428,0.0864267580956486,0.85,0.0762331838565022,0.4597097295423024,0.2370103348141283,runs/detect/val309
pothole,0.8,0.63,0,0,25,281,0.2833333333333333,0.0254110612855007,0.1532365765141008,0.0790034449380428,0.0864267580956486,0.0,0.0,0.0,0.0,runs/detect/val309
crack,0.8,0.64,0,0,58,248,0.2833333333333333,0.0254110612855007,0.1532365765141008,0.0790034449380428,0.0864267580956486,0.0,0.0,0.0,0.0,runs/detect/val310
patch,0.8,0.64,17,0,206,83,0.2833333333333333,0.0254110612855007,0.1532365765141008,0.0790034449380428,0.0864267580956486,0.85,0.0762331838565022,0.4597097295423024,0.2370103348141283,runs/detect/val310
pothole,0.8,0.64,0,0,25,281,0.2833333333333333,0.0254110612855007,0.1532365765141008,0.0790034449380428,0.0864267580956486,0.0,0.0,0.0,0.0,runs/detect/val310
crack,0.8,0.65,0,0,58,248,0.2807017543859649,0.0239162929745889,0.1512583124477861,0.0781552266511322,0.0854655352307976,0.0,0.0,0.0,0.0,runs/detect/val311
patch,0.8,0.65,16,0,207,83,0.2807017543859649,0.0239162929745889,0.1512583124477861,0.0781552266511322,0.0854655352307976,0.8421052631578947,0.0717488789237668,0.4537749373433585,0.2344656799533968,runs/detect/val311
pothole,0.8,0.65,0,0,25,281,0.2807017543859649,0.0239162929745889,0.1512583124477861,0.0781552266511322,0.0854655352307976,0.0,0.0,0.0,0.0,runs/detect/val311
crack,0.8,0.66,0,0,58,248,0.2745098039215686,0.0209267563527653,0.1468632597536622,0.0734121005368685,0.0807572164585478,0.0,0.0,0.0,0.0,runs/detect/val312
patch,0.8,0.66,14,0,209,83,0.2745098039215686,0.0209267563527653,0.1468632597536622,0.0734121005368685,0.0807572164585478,0.8235294117647058,0.0627802690582959,0.4405897792609867,0.2202363016106055,runs/detect/val312
pothole,0.8,0.66,0,0,25,281,0.2745098039215686,0.0209267563527653,0.1468632597536622,0.0734121005368685,0.0807572164585478,0.0,0.0,0.0,0.0,runs/detect/val312
crack,0.8,0.67,0,0,58,248,0.2666666666666666,0.0179372197309417,0.1416953735048522,0.0710033286574952,0.0780725331422309,0.0,0.0,0.0,0.0,runs/detect/val313
patch,0.8,0.67,12,0,211,83,0.2666666666666666,0.0179372197309417,0.1416953735048522,0.0710033286574952,0.0780725331422309,0.8,0.0538116591928251,0.4250861205145566,0.2130099859724856,runs/detect/val313
pothole,0.8,0.67,0,0,25,281,0.2666666666666666,0.0179372197309417,0.1416953735048522,0.0710033286574952,0.0780725331422309,0.0,0.0,0.0,0.0,runs/detect/val313
crack,0.8,0.68,0,0,58,248,0.2333333333333333,0.0104633781763826,0.1226104761904762,0.0682441953999553,0.0736808234790074,0.0,0.0,0.0,0.0,runs/detect/val314
patch,0.8,0.68,7,0,216,83,0.2333333333333333,0.0104633781763826,0.1226104761904762,0.0682441953999553,0.0736808234790074,0.7,0.0313901345291479,0.3678314285714286,0.2047325861998661,runs/detect/val314
pothole,0.8,0.68,0,0,25,281,0.2333333333333333,0.0104633781763826,0.1226104761904762,0.0682441953999553,0.0736808234790074,0.0,0.0,0.0,0.0,runs/detect/val314
crack,0.8,0.69,0,0,58,248,0.2592592592592592,0.0104633781763826,0.1350727807172251,0.0752529566760233,0.0812349390801435,0.0,0.0,0.0,0.0,runs/detect/val315
patch,0.8,0.69,7,0,216,83,0.2592592592592592,0.0104633781763826,0.1350727807172251,0.0752529566760233,0.0812349390801435,0.7777777777777778,0.0313901345291479,0.4052183421516754,0.2257588700280699,runs/detect/val315
pothole,0.8,0.69,0,0,25,281,0.2592592592592592,0.0104633781763826,0.1350727807172251,0.0752529566760233,0.0812349390801435,0.0,0.0,0.0,0.0,runs/detect/val315
crack,0.8,0.7,0,0,58,248,0.2592592592592592,0.0104633781763826,0.1350727807172251,0.0752529566760233,0.0812349390801435,0.0,0.0,0.0,0.0,runs/detect/val316
patch,0.8,0.7,7,0,216,83,0.2592592592592592,0.0104633781763826,0.1350727807172251,0.0752529566760233,0.0812349390801435,0.7777777777777778,0.0313901345291479,0.4052183421516754,0.2257588700280699,runs/detect/val316
pothole,0.8,0.7,0,0,25,281,0.2592592592592592,0.0104633781763826,0.1350727807172251,0.0752529566760233,0.0812349390801435,0.0,0.0,0.0,0.0,runs/detect/val316
crack,0.8,0.71,0,0,58,248,0.2592592592592592,0.0104633781763826,0.1350727807172251,0.0752529566760233,0.0812349390801435,0.0,0.0,0.0,0.0,runs/detect/val317
patch,0.8,0.71,7,0,216,83,0.2592592592592592,0.0104633781763826,0.1350727807172251,0.0752529566760233,0.0812349390801435,0.7777777777777778,0.0313901345291479,0.4052183421516754,0.2257588700280699,runs/detect/val317
pothole,0.8,0.71,0,0,25,281,0.2592592592592592,0.0104633781763826,0.1350727807172251,0.0752529566760233,0.0812349390801435,0.0,0.0,0.0,0.0,runs/detect/val317
crack,0.8,0.72,0,0,58,248,0.2857142857142857,0.0089686098654708,0.1474119815668202,0.0811816047834439,0.0878046424617815,0.0,0.0,0.0,0.0,runs/detect/val318
patch,0.8,0.72,6,0,217,83,0.2857142857142857,0.0089686098654708,0.1474119815668202,0.0811816047834439,0.0878046424617815,0.8571428571428571,0.0269058295964125,0.4422359447004608,0.2435448143503317,runs/detect/val318
pothole,0.8,0.72,0,0,25,281,0.2857142857142857,0.0089686098654708,0.1474119815668202,0.0811816047834439,0.0878046424617815,0.0,0.0,0.0,0.0,runs/detect/val318
crack,0.8,0.73,0,0,58,248,0.2777777777777778,0.007473841554559,0.1428337155963303,0.0800880051515635,0.0863625761960402,0.0,0.0,0.0,0.0,runs/detect/val319
patch,0.8,0.73,5,0,218,83,0.2777777777777778,0.007473841554559,0.1428337155963303,0.0800880051515635,0.0863625761960402,0.8333333333333334,0.0224215246636771,0.4285011467889908,0.2402640154546906,runs/detect/val319
pothole,0.8,0.73,0,0,25,281,0.2777777777777778,0.007473841554559,0.1428337155963303,0.0800880051515635,0.0863625761960402,0.0,0.0,0.0,0.0,runs/detect/val319
crack,0.8,0.74,0,0,58,248,0.2777777777777778,0.007473841554559,0.1428337155963303,0.0800880051515635,0.0863625761960402,0.0,0.0,0.0,0.0,runs/detect/val320
patch,0.8,0.74,5,0,218,83,0.2777777777777778,0.007473841554559,0.1428337155963303,0.0800880051515635,0.0863625761960402,0.8333333333333334,0.0224215246636771,0.4285011467889908,0.2402640154546906,runs/detect/val320
pothole,0.8,0.74,0,0,25,281,0.2777777777777778,0.007473841554559,0.1428337155963303,0.0800880051515635,0.0863625761960402,0.0,0.0,0.0,0.0,runs/detect/val320
crack,0.8,0.75,0,0,58,248,0.2777777777777778,0.007473841554559,0.1428337155963303,0.0800880051515635,0.0863625761960402,0.0,0.0,0.0,0.0,runs/detect/val321
patch,0.8,0.75,5,0,218,83,0.2777777777777778,0.007473841554559,0.1428337155963303,0.0800880051515635,0.0863625761960402,0.8333333333333334,0.0224215246636771,0.4285011467889908,0.2402640154546906,runs/detect/val321
pothole,0.8,0.75,0,0,25,281,0.2777777777777778,0.007473841554559,0.1428337155963303,0.0800880051515635,0.0863625761960402,0.0,0.0,0.0,0.0,runs/detect/val321
crack,0.8,0.76,0,0,58,248,0.3333333333333333,0.0059790732436472,0.1696534246575342,0.0935189669074718,0.1011324126824781,0.0,0.0,0.0,0.0,runs/detect/val322
patch,0.8,0.76,4,0,219,83,0.3333333333333333,0.0059790732436472,0.1696534246575342,0.0935189669074718,0.1011324126824781,1.0,0.0179372197309417,0.5089602739726028,0.2805569007224155,runs/detect/val322
pothole,0.8,0.76,0,0,25,281,0.3333333333333333,0.0059790732436472,0.1696534246575342,0.0935189669074718,0.1011324126824781,0.0,0.0,0.0,0.0,runs/detect/val322
crack,0.8,0.77,0,0,58,248,0.3333333333333333,0.0059790732436472,0.1696534246575342,0.0935189669074718,0.1011324126824781,0.0,0.0,0.0,0.0,runs/detect/val323
patch,0.8,0.77,4,0,219,83,0.3333333333333333,0.0059790732436472,0.1696534246575342,0.0935189669074718,0.1011324126824781,1.0,0.0179372197309417,0.5089602739726028,0.2805569007224155,runs/detect/val323
pothole,0.8,0.77,0,0,25,281,0.3333333333333333,0.0059790732436472,0.1696534246575342,0.0935189669074718,0.1011324126824781,0.0,0.0,0.0,0.0,runs/detect/val323
crack,0.8,0.78,0,0,58,248,0.3333333333333333,0.0059790732436472,0.1696534246575342,0.0935189669074718,0.1011324126824781,0.0,0.0,0.0,0.0,runs/detect/val324
patch,0.8,0.78,4,0,219,83,0.3333333333333333,0.0059790732436472,0.1696534246575342,0.0935189669074718,0.1011324126824781,1.0,0.0179372197309417,0.5089602739726028,0.2805569007224155,runs/detect/val324
pothole,0.8,0.78,0,0,25,281,0.3333333333333333,0.0059790732436472,0.1696534246575342,0.0935189669074718,0.1011324126824781,0.0,0.0,0.0,0.0,runs/detect/val324
crack,0.8,0.79,0,0,58,248,0.3333333333333333,0.0029895366218236,0.1681598793363499,0.1095330958786841,0.1153957742244506,0.0,0.0,0.0,0.0,runs/detect/val325
patch,0.8,0.79,2,0,221,83,0.3333333333333333,0.0029895366218236,0.1681598793363499,0.1095330958786841,0.1153957742244506,1.0,0.0089686098654708,0.5044796380090497,0.3285992876360523,runs/detect/val325
pothole,0.8,0.79,0,0,25,281,0.3333333333333333,0.0029895366218236,0.1681598793363499,0.1095330958786841,0.1153957742244506,0.0,0.0,0.0,0.0,runs/detect/val325
crack,0.8,0.8,0,0,58,248,0.3333333333333333,0.0029895366218236,0.1681598793363499,0.1095330958786841,0.1153957742244506,0.0,0.0,0.0,0.0,runs/detect/val326
patch,0.8,0.8,2,0,221,83,0.3333333333333333,0.0029895366218236,0.1681598793363499,0.1095330958786841,0.1153957742244506,1.0,0.0089686098654708,0.5044796380090497,0.3285992876360523,runs/detect/val326
pothole,0.8,0.8,0,0,25,281,0.3333333333333333,0.0029895366218236,0.1681598793363499,0.1095330958786841,0.1153957742244506,0.0,0.0,0.0,0.0,runs/detect/val326
crack,0.8,0.81,0,0,58,248,0.3333333333333333,0.0014947683109118,0.1674099099099099,0.1506689189189189,0.152343018018018,0.0,0.0,0.0,0.0,runs/detect/val327
patch,0.8,0.81,1,0,222,83,0.3333333333333333,0.0014947683109118,0.1674099099099099,0.1506689189189189,0.152343018018018,1.0,0.0044843049327354,0.5022297297297298,0.4520067567567568,runs/detect/val327
pothole,0.8,0.81,0,0,25,281,0.3333333333333333,0.0014947683109118,0.1674099099099099,0.1506689189189189,0.152343018018018,0.0,0.0,0.0,0.0,runs/detect/val327
